Order_ID,Country,Category,Unit_Price,Quantity,Order_Date,Total_Amount,Total_revenue
1,Germany,Electronics,285.82,7,2025-06-12,2000.74,14005.18
2,Pakistan,Toys,132,9,2025-01-14,1188,10692
3,Australia,Fashion,481.65,9,2025-08-27,4334.8500000000004,39013.650000000001
4,UAE,Grocery,244.36,3,2025-03-13,733.08000000000004,2199.2399999999998
5,Germany,Sports,403.97,5,2025-05-23,2019.8499999999999,10099.25
6,Brazil,Home Decor,277.36,8,2025-10-10,2218.8800000000001,17751.040000000001
7,India,Fashion,26.49,8,2025-09-26,211.91999999999999,1695.3599999999999
8,Germany,Toys,318.41,4,2025-08-29,1273.6400000000001,5094.5600000000004
9,Australia,Home Decor,475.94,1,2025-09-02,475.94,475.94
10,UAE,Beauty,302.8,1,2025-06-12,302.80000000000001,302.80000000000001
11,Pakistan,Electronics,410.5,4,2025-03-01,1642,6568
12,Australia,Sports,442.68,6,2025-01-06,2656.0799999999999,15936.48
13,Australia,Toys,117.9,8,2025-07-16,943.20000000000005,7545.6000000000004
14,India,Beauty,109.96,6,2025-02-27,659.75999999999999,3958.5599999999999
15,Canada,Books,307.44,9,2025-11-01,2766.96,24902.639999999999
16,UAE,Fashion,208.46,9,2025-08-05,1876.1400000000001,16885.259999999998
17,UK,Grocery,420.73,2,2025-01-26,841.46000000000004,1682.9200000000001
18,Australia,Home Decor,450.51,1,2025-10-30,450.50999999999999,450.50999999999999
19,Canada,Electronics,179.94,2,2025-01-05,359.88,719.75999999999999
20,UK,Home Decor,122.25,5,2025-01-20,611.25,3056.25
21,UAE,Sports,391.36,4,2025-07-17,1565.4400000000001,6261.7600000000002
22,USA,Fashion,141.03,4,2025-02-28,564.12,2256.48
23,Brazil,Home Decor,412.19,9,2025-08-30,3709.71,33387.389999999999
24,Canada,Electronics,214.75,8,2025-05-26,1718,13744
25,China,Fashion,335.44,6,2025-09-30,2012.6400000000001,12075.84
26,USA,Home Decor,52.29,1,2025-09-06,52.289999999999999,52.289999999999999
27,Brazil,Grocery,313.81,2,2025-01-14,627.62,1255.24
28,India,Toys,228.63,6,2025-01-13,1371.78,8230.6800000000003
29,Germany,Fashion,295.37,2,2025-02-13,590.74000000000001,1181.48
30,Pakistan,Toys,88.17,5,2025-01-19,440.85000000000002,2204.25
31,China,Books,369.75,5,2025-03-04,1848.75,9243.75
32,India,Fashion,432.08,6,2025-08-27,2592.48,15554.879999999999
33,UAE,Grocery,112.29,6,2025-04-10,673.74000000000001,4042.4400000000001
34,India,Toys,52.38,6,2025-06-12,314.27999999999997,1885.6800000000001
35,Germany,Beauty,16.7,2,2025-05-02,33.399999999999999,66.799999999999997
36,UAE,Electronics,322.78,3,2025-02-13,968.34000000000003,2905.02
37,China,Beauty,305.51,6,2025-05-25,1833.0599999999999,10998.360000000001
38,Germany,Home Decor,275.62,8,2025-02-19,2204.96,17639.68
39,UK,Grocery,119.81,1,2025-03-06,119.81,119.81
40,Pakistan,Beauty,198.5,1,2025-10-15,198.5,198.5
41,China,Fashion,299.27,2,2025-06-13,598.53999999999996,1197.0799999999999
42,UK,Home Decor,250.9,6,2025-05-21,1505.4000000000001,9032.3999999999996
43,Brazil,Home Decor,493.95,9,2025-05-08,4445.5500000000002,40009.949999999997
44,China,Beauty,72.54,4,2025-08-27,290.16000000000003,1160.6400000000001
45,Brazil,Books,349.1,3,2025-10-23,1047.3,3141.9000000000001
46,UAE,Beauty,205.14,8,2025-07-06,1641.1199999999999,13128.959999999999
47,UK,Books,216.96,9,2025-07-27,1952.6400000000001,17573.759999999998
48,Pakistan,Grocery,360.21,5,2025-08-08,1801.05,9005.25
49,Germany,Electronics,347.76,9,2025-07-09,3129.8400000000001,28168.560000000001
50,Australia,Beauty,495.67,2,2025-10-11,991.34000000000003,1982.6800000000001
51,India,Sports,68.56,3,2025-08-25,205.68000000000001,617.03999999999996
52,USA,Books,56.53,7,2025-07-13,395.70999999999998,2769.9699999999998
53,Pakistan,Beauty,363.55,7,2025-10-14,2544.8499999999999,17813.950000000001
54,UK,Toys,291.3,6,2025-09-16,1747.8,10486.799999999999
55,Australia,Fashion,140.71,6,2025-09-03,844.25999999999999,5065.5600000000004
56,Pakistan,Sports,44.31,2,2025-05-16,88.620000000000005,177.24000000000001
57,UK,Sports,47.4,6,2025-10-07,284.39999999999998,1706.4000000000001
58,Canada,Books,447.62,4,2025-09-28,1790.48,7161.9200000000001
59,Canada,Toys,99.97,3,2025-06-20,299.91000000000003,899.73000000000002
60,Brazil,Toys,165.07,2,2025-06-08,330.13999999999999,660.27999999999997
61,Pakistan,Home Decor,117.19,1,2025-07-20,117.19,117.19
62,Canada,Books,180.72,5,2025-02-14,903.60000000000002,4518
63,UK,Electronics,39.36,2,2025-09-21,78.719999999999999,157.44
64,Brazil,Fashion,261.93,2,2025-03-12,523.86000000000001,1047.72
65,UK,Grocery,38.47,7,2025-04-13,269.29000000000002,1885.03
66,Brazil,Sports,401.18,8,2025-05-05,3209.4400000000001,25675.52
67,Pakistan,Grocery,120.69,8,2025-10-13,965.51999999999998,7724.1599999999999
68,Australia,Beauty,272.31,4,2025-08-18,1089.24,4356.96
69,Germany,Beauty,440.64,1,2025-05-26,440.63999999999999,440.63999999999999
70,China,Grocery,327.18,7,2025-07-16,2290.2600000000002,16031.82
71,Australia,Beauty,268.81,1,2025-08-09,268.81,268.81
72,UAE,Electronics,165.55,4,2025-03-01,662.20000000000005,2648.8000000000002
73,UK,Toys,169.84,8,2025-04-08,1358.72,10869.76
74,UAE,Beauty,336.4,2,2025-06-20,672.79999999999995,1345.5999999999999
75,Australia,Home Decor,497.1,6,2025-06-22,2982.5999999999999,17895.599999999999
76,Brazil,Beauty,332.61,6,2025-05-31,1995.6600000000001,11973.959999999999
77,China,Fashion,281.1,9,2025-05-02,2529.9000000000001,22769.099999999999
78,China,Electronics,366.67,5,2025-04-18,1833.3499999999999,9166.75
79,USA,Fashion,235.28,4,2025-01-04,941.12,3764.48
80,China,Fashion,34.77,5,2025-04-03,173.84999999999999,869.25
81,Germany,Home Decor,283.34,5,2025-01-06,1416.7,7083.5
82,China,Electronics,479.02,8,2025-10-15,3832.1599999999999,30657.279999999999
83,Australia,Electronics,91.77,8,2025-04-16,734.15999999999997,5873.2799999999997
84,USA,Books,346.55,2,2025-05-26,693.10000000000002,1386.2
85,Australia,Electronics,104.46,7,2025-09-28,731.22000000000003,5118.54
86,Australia,Electronics,270.23,8,2025-04-06,2161.8400000000001,17294.720000000001
87,India,Electronics,52.85,6,2025-08-17,317.10000000000002,1902.5999999999999
88,USA,Home Decor,227.93,5,2025-07-21,1139.6500000000001,5698.25
89,Australia,Beauty,379.3,9,2025-07-31,3413.6999999999998,30723.299999999999
90,India,Books,177.05,3,2025-01-06,531.14999999999998,1593.45
91,India,Fashion,334.13,4,2025-04-22,1336.52,5346.0799999999999
92,USA,Electronics,398.75,9,2025-04-16,3588.75,32298.75
93,UAE,Sports,463.95,6,2025-05-19,2783.6999999999998,16702.200000000001
94,Brazil,Beauty,121.15,8,2025-10-26,969.20000000000005,7753.6000000000004
95,Germany,Beauty,202.66,7,2025-04-06,1418.6199999999999,9930.3400000000001
96,Brazil,Fashion,80.45,2,2025-10-24,160.90000000000001,321.80000000000001
97,China,Home Decor,496.28,3,2025-08-02,1488.8399999999999,4466.5200000000004
98,Germany,Grocery,463.87,1,2025-10-18,463.87,463.87
99,China,Grocery,272.28,9,2025-01-22,2450.52,22054.68
100,Australia,Beauty,421.81,7,2025-07-12,2952.6700000000001,20668.689999999999
101,UK,Toys,262.87,1,2025-05-30,262.87,262.87
102,USA,Toys,313.67,3,2025-09-04,941.00999999999999,2823.0300000000002
103,Germany,Fashion,49.12,4,2025-09-24,196.47999999999999,785.91999999999996
104,Germany,Grocery,378.86,4,2025-09-08,1515.4400000000001,6061.7600000000002
105,Australia,Beauty,68.22,5,2025-01-03,341.10000000000002,1705.5
106,UAE,Home Decor,413.9,3,2025-03-17,1241.7,3725.0999999999999
107,India,Grocery,392.1,3,2025-03-28,1176.3,3528.9000000000001
108,Australia,Beauty,355.83,1,2025-09-27,355.82999999999998,355.82999999999998
109,Canada,Beauty,22.9,7,2025-08-13,160.30000000000001,1122.0999999999999
110,India,Electronics,155.05,1,2025-01-18,155.05000000000001,155.05000000000001
111,USA,Home Decor,135.24,2,2025-04-23,270.48000000000002,540.96000000000004
112,India,Electronics,183.27,4,2025-09-08,733.08000000000004,2932.3200000000002
113,UAE,Fashion,48.38,4,2025-08-21,193.52000000000001,774.08000000000004
114,India,Electronics,468.79,5,2025-10-06,2343.9499999999998,11719.75
115,USA,Sports,279.13,2,2025-07-21,558.25999999999999,1116.52
116,UAE,Electronics,156.23,4,2025-03-24,624.91999999999996,2499.6799999999998
117,Brazil,Sports,201.51,1,2025-05-05,201.50999999999999,201.50999999999999
118,Germany,Grocery,226.37,2,2025-06-24,452.74000000000001,905.48000000000002
119,Germany,Toys,302.29,1,2025-03-10,302.29000000000002,302.29000000000002
120,China,Books,260.26,4,2025-02-16,1041.04,4164.1599999999999
121,Brazil,Books,460.1,4,2025-09-13,1840.4000000000001,7361.6000000000004
122,Brazil,Beauty,251,7,2025-08-03,1757,12299
123,India,Books,496.12,9,2025-01-30,4465.0799999999999,40185.720000000001
124,Germany,Sports,426.46,9,2025-10-08,3838.1399999999999,34543.260000000002
125,USA,Home Decor,108.21,5,2025-08-25,541.04999999999995,2705.25
126,Pakistan,Electronics,465.64,1,2025-09-05,465.63999999999999,465.63999999999999
127,Pakistan,Sports,62.6,1,2025-01-25,62.600000000000001,62.600000000000001
128,UAE,Home Decor,409.64,6,2025-03-15,2457.8400000000001,14747.040000000001
129,Germany,Toys,193.41,2,2025-07-25,386.81999999999999,773.63999999999999
130,Germany,Books,439.6,8,2025-04-04,3516.8000000000002,28134.400000000001
131,Pakistan,Toys,434.69,9,2025-05-07,3912.21,35209.889999999999
132,Germany,Books,403.93,4,2025-01-25,1615.72,6462.8800000000001
133,India,Electronics,396.07,5,2025-04-26,1980.3499999999999,9901.75
134,Canada,Fashion,155.82,8,2025-02-17,1246.5599999999999,9972.4799999999996
135,UK,Electronics,45.06,3,2025-08-14,135.18000000000001,405.54000000000002
136,Brazil,Grocery,204.48,5,2025-09-23,1022.4,5112
137,China,Sports,90.89,3,2025-04-09,272.67000000000002,818.00999999999999
138,UAE,Beauty,349,3,2025-01-11,1047,3141
139,Canada,Fashion,176.32,3,2025-03-26,528.96000000000004,1586.8800000000001
140,Pakistan,Electronics,487.93,7,2025-08-02,3415.5100000000002,23908.57
141,Brazil,Home Decor,322.28,7,2025-06-22,2255.96,15791.719999999999
142,Germany,Fashion,412.13,7,2025-07-28,2884.9099999999999,20194.369999999999
143,China,Sports,70.6,8,2025-03-05,564.79999999999995,4518.3999999999996
144,Germany,Books,431.7,5,2025-09-15,2158.5,10792.5
145,USA,Fashion,461.76,5,2025-05-01,2308.8000000000002,11544
146,USA,Books,246.1,4,2025-10-25,984.39999999999998,3937.5999999999999
147,China,Sports,305.1,7,2025-02-23,2135.6999999999998,14949.9
148,China,Electronics,383.58,4,2025-09-29,1534.3199999999999,6137.2799999999997
149,Pakistan,Sports,91.55,2,2025-08-29,183.09999999999999,366.19999999999999
150,China,Fashion,253.77,4,2025-08-31,1015.08,4060.3200000000002
151,India,Home Decor,202.34,8,2025-01-18,1618.72,12949.76
152,Germany,Toys,77.46,9,2025-07-06,697.13999999999999,6274.2600000000002
153,Canada,Fashion,186.93,3,2025-05-24,560.78999999999996,1682.3699999999999
154,Australia,Sports,38.75,7,2025-09-19,271.25,1898.75
155,China,Toys,17.78,9,2025-08-27,160.02000000000001,1440.1800000000001
156,UAE,Sports,71.91,4,2025-10-31,287.63999999999999,1150.5599999999999
157,USA,Home Decor,481.74,3,2025-10-25,1445.22,4335.6599999999999
158,India,Sports,277.02,5,2025-03-17,1385.0999999999999,6925.5
159,Brazil,Electronics,483.08,1,2025-07-07,483.07999999999998,483.07999999999998
160,Australia,Beauty,219.09,3,2025-09-03,657.26999999999998,1971.8099999999999
161,Canada,Books,159.35,8,2025-05-10,1274.8,10198.4
162,Australia,Books,255.54,8,2025-10-10,2044.3199999999999,16354.559999999999
163,China,Fashion,222.56,4,2025-03-20,890.24000000000001,3560.96
164,Pakistan,Beauty,57.3,2,2025-03-13,114.59999999999999,229.19999999999999
165,USA,Sports,322.21,8,2025-09-20,2577.6799999999998,20621.439999999999
166,USA,Home Decor,111.94,8,2025-07-10,895.51999999999998,7164.1599999999999
167,Brazil,Fashion,311.7,4,2025-03-04,1246.8,4987.1999999999998
168,Pakistan,Sports,326.85,3,2025-01-12,980.54999999999995,2941.6500000000001
169,Germany,Toys,80.25,2,2025-05-21,160.5,321
170,UK,Grocery,35.37,9,2025-09-11,318.32999999999998,2864.9699999999998
171,India,Sports,391.48,1,2025-02-12,391.48000000000002,391.48000000000002
172,USA,Beauty,232.6,7,2025-01-17,1628.2,11397.4
173,UAE,Fashion,33.79,5,2025-03-04,168.94999999999999,844.75
174,USA,Beauty,497.46,8,2025-09-10,3979.6799999999998,31837.439999999999
175,Australia,Fashion,33.6,4,2025-10-19,134.40000000000001,537.60000000000002
176,USA,Sports,349.04,7,2025-01-08,2443.2800000000002,17102.959999999999
177,USA,Electronics,491.92,5,2025-03-31,2459.5999999999999,12298
178,UK,Toys,123.39,5,2025-07-27,616.95000000000005,3084.75
179,UK,Sports,75.41,9,2025-10-19,678.69000000000005,6108.21
180,Canada,Books,65.09,9,2025-10-11,585.80999999999995,5272.29
181,Germany,Beauty,155.12,9,2025-04-28,1396.0799999999999,12564.719999999999
182,UAE,Grocery,55.02,6,2025-06-24,330.12,1980.72
183,USA,Grocery,347.62,6,2025-03-17,2085.7199999999998,12514.32
184,USA,Home Decor,35.83,5,2025-04-11,179.15000000000001,895.75
185,India,Fashion,257.16,9,2025-05-31,2314.4400000000001,20829.959999999999
186,UK,Beauty,498.36,8,2025-09-27,3986.8800000000001,31895.040000000001
187,UAE,Home Decor,407.92,7,2025-03-12,2855.4400000000001,19988.080000000002
188,Brazil,Beauty,309.53,7,2025-06-29,2166.71,15166.969999999999
189,Canada,Books,156.6,6,2025-05-04,939.60000000000002,5637.6000000000004
190,Germany,Fashion,313.83,5,2025-10-20,1569.1500000000001,7845.75
191,Pakistan,Sports,265.89,4,2025-10-12,1063.5599999999999,4254.2399999999998
192,Germany,Sports,215.91,3,2025-07-14,647.73000000000002,1943.1900000000001
193,Australia,Grocery,69.7,3,2025-08-16,209.09999999999999,627.29999999999995
194,USA,Sports,443.87,6,2025-10-02,2663.2199999999998,15979.32
195,Canada,Sports,227.64,4,2025-04-16,910.55999999999995,3642.2399999999998
196,Australia,Books,101.34,6,2025-01-21,608.03999999999996,3648.2399999999998
197,UAE,Electronics,187.04,3,2025-03-05,561.12,1683.3599999999999
198,Pakistan,Grocery,209.99,4,2025-06-14,839.96000000000004,3359.8400000000001
199,UK,Home Decor,414.63,9,2025-01-27,3731.6700000000001,33585.029999999999
200,Canada,Toys,368.14,5,2025-10-12,1840.7,9203.5
201,Canada,Electronics,385.81,7,2025-05-28,2700.6700000000001,18904.689999999999
202,USA,Home Decor,10.46,2,2025-10-08,20.920000000000002,41.840000000000003
203,China,Fashion,211,5,2025-06-13,1055,5275
204,Canada,Electronics,243.27,9,2025-08-12,2189.4299999999998,19704.869999999999
205,India,Books,14.5,3,2025-09-29,43.5,130.5
206,Pakistan,Home Decor,133.61,9,2025-05-26,1202.49,10822.41
207,Pakistan,Fashion,381.34,6,2025-01-30,2288.04,13728.24
208,India,Grocery,72.87,4,2025-02-14,291.48000000000002,1165.9200000000001
209,Brazil,Toys,269.98,7,2025-10-02,1889.8599999999999,13229.02
210,India,Fashion,111.52,8,2025-02-03,892.15999999999997,7137.2799999999997
211,India,Sports,11,6,2025-05-21,66,396
212,Pakistan,Beauty,124.39,5,2025-08-09,621.95000000000005,3109.75
213,Germany,Fashion,488.06,6,2025-01-22,2928.3600000000001,17570.16
214,Pakistan,Fashion,401.76,5,2025-06-29,2008.8,10044
215,China,Toys,479.99,8,2025-08-19,3839.9200000000001,30719.360000000001
216,USA,Beauty,246.49,1,2025-02-07,246.49000000000001,246.49000000000001
217,Australia,Sports,59.32,7,2025-03-11,415.24000000000001,2906.6799999999998
218,Germany,Home Decor,276.24,2,2025-04-26,552.48000000000002,1104.96
219,UK,Home Decor,229.92,9,2025-08-27,2069.2800000000002,18623.52
220,Australia,Fashion,422.96,1,2025-05-28,422.95999999999998,422.95999999999998
221,USA,Books,53.55,6,2025-01-09,321.30000000000001,1927.8
222,China,Books,246.68,9,2025-10-15,2220.1199999999999,19981.080000000002
223,China,Beauty,79.27,1,2025-02-19,79.269999999999996,79.269999999999996
224,UK,Beauty,165.71,4,2025-01-05,662.84000000000003,2651.3600000000001
225,Germany,Sports,369.99,4,2025-05-06,1479.96,5919.8400000000001
226,Brazil,Toys,240.63,9,2025-03-16,2165.6700000000001,19491.029999999999
227,India,Grocery,191.06,5,2025-06-14,955.29999999999995,4776.5
228,Germany,Home Decor,200.27,5,2025-10-05,1001.35,5006.75
229,Brazil,Toys,232.43,6,2025-10-27,1394.5799999999999,8367.4799999999996
230,China,Electronics,393.58,1,2025-10-17,393.57999999999998,393.57999999999998
231,Pakistan,Home Decor,446.58,1,2025-03-18,446.57999999999998,446.57999999999998
232,USA,Toys,477.89,9,2025-10-25,4301.0100000000002,38709.089999999997
233,UK,Home Decor,394.52,3,2025-05-17,1183.5599999999999,3550.6799999999998
234,USA,Grocery,161.13,4,2025-04-16,644.51999999999998,2578.0799999999999
235,UAE,Electronics,345.63,1,2025-04-05,345.63,345.63
236,UAE,Books,221.61,9,2025-05-15,1994.49,17950.41
237,Germany,Books,131.06,8,2025-03-09,1048.48,8387.8400000000001
238,China,Grocery,421.23,2,2025-05-27,842.46000000000004,1684.9200000000001
239,China,Sports,24.02,8,2025-06-08,192.16,1537.28
240,India,Electronics,451.37,7,2025-06-12,3159.5900000000001,22117.130000000001
241,India,Fashion,233.43,6,2025-07-08,1400.5799999999999,8403.4799999999996
242,India,Toys,320.41,1,2025-04-05,320.41000000000003,320.41000000000003
243,Pakistan,Electronics,331.38,7,2025-06-30,2319.6599999999999,16237.620000000001
244,Australia,Sports,448.08,7,2025-10-15,3136.5599999999999,21955.919999999998
245,Canada,Sports,320.15,9,2025-07-06,2881.3499999999999,25932.150000000001
246,Australia,Grocery,308.9,1,2025-05-18,308.89999999999998,308.89999999999998
247,USA,Home Decor,37.99,2,2025-05-10,75.980000000000004,151.96000000000001
248,Australia,Electronics,261.61,9,2025-07-13,2354.4899999999998,21190.41
249,Pakistan,Toys,79.33,9,2025-09-30,713.97000000000003,6425.7299999999996
250,USA,Electronics,370.03,6,2025-05-24,2220.1799999999998,13321.08
251,Australia,Beauty,258.55,6,2025-01-16,1551.3,9307.7999999999993
252,Pakistan,Home Decor,341.71,4,2025-10-29,1366.8399999999999,5467.3599999999997
253,Canada,Toys,25.63,4,2025-09-02,102.52,410.07999999999998
254,Australia,Books,46.97,5,2025-04-17,234.84999999999999,1174.25
255,Pakistan,Toys,359.58,3,2025-03-29,1078.74,3236.2199999999998
256,India,Fashion,40.68,1,2025-05-09,40.68,40.68
257,China,Grocery,40.27,1,2025-01-04,40.270000000000003,40.270000000000003
258,India,Fashion,10.99,7,2025-04-05,76.930000000000007,538.50999999999999
259,China,Toys,478.47,1,2025-07-28,478.47000000000003,478.47000000000003
260,UK,Home Decor,370.07,1,2025-08-13,370.06999999999999,370.06999999999999
261,UK,Electronics,179.86,3,2025-02-16,539.58000000000004,1618.74
262,UK,Books,151.79,4,2025-06-30,607.15999999999997,2428.6399999999999
263,Canada,Electronics,178.1,4,2025-04-16,712.39999999999998,2849.5999999999999
264,India,Home Decor,388.45,2,2025-07-18,776.89999999999998,1553.8
265,China,Toys,332.38,1,2025-04-16,332.38,332.38
266,Pakistan,Sports,96.67,3,2025-10-07,290.00999999999999,870.02999999999997
267,USA,Electronics,91.18,4,2025-09-17,364.72000000000003,1458.8800000000001
268,Pakistan,Sports,53.71,3,2025-04-18,161.13,483.38999999999999
269,USA,Electronics,331.85,8,2025-01-19,2654.8000000000002,21238.400000000001
270,UAE,Electronics,383.36,1,2025-10-23,383.36000000000001,383.36000000000001
271,Pakistan,Books,136.2,2,2025-06-20,272.39999999999998,544.79999999999995
272,Australia,Grocery,15.37,7,2025-07-14,107.59,753.13
273,Australia,Grocery,45.67,4,2025-01-12,182.68000000000001,730.72000000000003
274,Germany,Beauty,484.09,8,2025-07-14,3872.7199999999998,30981.759999999998
275,India,Fashion,151.25,3,2025-10-10,453.75,1361.25
276,USA,Home Decor,385.77,6,2025-07-01,2314.6199999999999,13887.719999999999
277,USA,Home Decor,314.21,9,2025-11-01,2827.8899999999999,25451.009999999998
278,India,Home Decor,194.06,1,2025-05-24,194.06,194.06
279,Canada,Beauty,106.82,1,2025-07-01,106.81999999999999,106.81999999999999
280,Germany,Grocery,65.09,8,2025-01-30,520.72000000000003,4165.7600000000002
281,Canada,Toys,309.43,3,2025-03-25,928.28999999999996,2784.8699999999999
282,Canada,Sports,388.44,5,2025-06-15,1942.2,9711
283,Canada,Books,323.73,1,2025-10-11,323.73000000000002,323.73000000000002
284,India,Sports,267.5,5,2025-10-08,1337.5,6687.5
285,Canada,Toys,25.77,6,2025-04-06,154.62,927.72000000000003
286,Australia,Books,484.4,8,2025-09-23,3875.1999999999998,31001.599999999999
287,UK,Beauty,400.36,3,2025-10-25,1201.0799999999999,3603.2399999999998
288,UAE,Toys,149.95,3,2025-10-23,449.85000000000002,1349.55
289,USA,Home Decor,490.09,9,2025-08-13,4410.8100000000004,39697.290000000001
290,USA,Fashion,302.93,4,2025-02-11,1211.72,4846.8800000000001
291,UAE,Electronics,293.3,4,2025-10-30,1173.2,4692.8000000000002
292,India,Sports,375.3,7,2025-09-03,2627.0999999999999,18389.700000000001
293,Pakistan,Grocery,406.83,2,2025-07-27,813.65999999999997,1627.3199999999999
294,India,Grocery,329.96,8,2025-08-25,2639.6799999999998,21117.439999999999
295,USA,Beauty,68.41,6,2025-01-22,410.45999999999998,2462.7600000000002
296,USA,Books,172.44,3,2025-07-04,517.32000000000005,1551.96
297,UAE,Grocery,464.4,9,2025-08-30,4179.6000000000004,37616.400000000001
298,Canada,Home Decor,116.18,5,2025-10-10,580.89999999999998,2904.5
299,India,Sports,189.22,8,2025-02-10,1513.76,12110.08
300,China,Toys,218.88,7,2025-06-11,1532.1600000000001,10725.120000000001
301,UAE,Home Decor,222.51,8,2025-06-09,1780.0799999999999,14240.639999999999
302,Australia,Beauty,308.41,7,2025-03-30,2158.8699999999999,15112.09
303,USA,Home Decor,471.82,3,2025-01-12,1415.46,4246.3800000000001
304,UAE,Toys,124.14,2,2025-03-14,248.28,496.56
305,India,Fashion,65.14,7,2025-03-17,455.98000000000002,3191.8600000000001
306,USA,Beauty,102.75,3,2025-07-20,308.25,924.75
307,Pakistan,Fashion,444.03,3,2025-01-10,1332.0899999999999,3996.27
308,UAE,Electronics,324.68,2,2025-08-14,649.36000000000001,1298.72
309,Germany,Fashion,146.52,4,2025-06-25,586.08000000000004,2344.3200000000002
310,USA,Electronics,408.89,8,2025-10-03,3271.1199999999999,26168.959999999999
311,India,Electronics,431.38,1,2025-02-08,431.38,431.38
312,UK,Fashion,424.02,1,2025-03-01,424.01999999999998,424.01999999999998
313,China,Beauty,459.87,5,2025-03-07,2299.3499999999999,11496.75
314,Brazil,Books,129.86,5,2025-05-04,649.29999999999995,3246.5
315,Canada,Toys,378.75,1,2025-06-13,378.75,378.75
316,Brazil,Home Decor,232.97,6,2025-06-08,1397.8199999999999,8386.9200000000001
317,India,Home Decor,421.79,1,2025-02-26,421.79000000000002,421.79000000000002
318,Australia,Toys,365.6,5,2025-03-19,1828,9140
319,Australia,Sports,389.34,9,2025-07-13,3504.0599999999999,31536.540000000001
320,UK,Sports,329.8,5,2025-10-12,1649,8245
321,Canada,Electronics,92.83,6,2025-01-15,556.98000000000002,3341.8800000000001
322,Germany,Electronics,274.79,8,2025-01-12,2198.3200000000002,17586.560000000001
323,UK,Beauty,492.41,1,2025-04-11,492.41000000000003,492.41000000000003
324,Brazil,Grocery,469.01,2,2025-06-05,938.01999999999998,1876.04
325,UK,Fashion,26.37,9,2025-05-05,237.33000000000001,2135.9699999999998
326,Brazil,Electronics,86.58,3,2025-10-07,259.74000000000001,779.22000000000003
327,USA,Home Decor,70.21,6,2025-04-20,421.25999999999999,2527.5599999999999
328,Australia,Beauty,364.36,5,2025-05-26,1821.8,9109
329,USA,Fashion,409.8,2,2025-08-04,819.60000000000002,1639.2
330,China,Beauty,110.69,7,2025-06-11,774.83000000000004,5423.8100000000004
331,Canada,Fashion,255.4,4,2025-05-08,1021.6,4086.4000000000001
332,Germany,Fashion,421.15,1,2025-05-30,421.14999999999998,421.14999999999998
333,Brazil,Toys,367.74,4,2025-02-05,1470.96,5883.8400000000001
334,Germany,Electronics,273.41,6,2025-06-22,1640.46,9842.7600000000002
335,Brazil,Books,297.22,7,2025-01-22,2080.54,14563.780000000001
336,India,Beauty,256.64,7,2025-07-25,1796.48,12575.360000000001
337,UK,Books,152.29,7,2025-05-07,1066.03,7462.21
338,China,Beauty,284.69,3,2025-08-05,854.07000000000005,2562.21
339,Australia,Toys,346,6,2025-04-06,2076,12456
340,Brazil,Home Decor,437.29,8,2025-06-13,3498.3200000000002,27986.560000000001
341,Germany,Books,319.96,4,2025-05-28,1279.8399999999999,5119.3599999999997
342,China,Home Decor,381.76,8,2025-01-18,3054.0799999999999,24432.639999999999
343,Pakistan,Sports,84.24,2,2025-10-21,168.47999999999999,336.95999999999998
344,Pakistan,Electronics,233.47,9,2025-07-14,2101.23,18911.07
345,USA,Electronics,9.62,9,2025-05-31,86.579999999999998,779.22000000000003
346,Australia,Grocery,127.11,8,2025-05-03,1016.88,8135.04
347,India,Toys,364.6,1,2025-07-06,364.60000000000002,364.60000000000002
348,Germany,Home Decor,495.95,2,2025-05-29,991.89999999999998,1983.8
349,UK,Fashion,54.09,6,2025-04-14,324.54000000000002,1947.24
350,UK,Beauty,203.74,5,2025-08-31,1018.7,5093.5
351,Germany,Electronics,401.04,9,2025-08-19,3609.3600000000001,32484.240000000002
352,Canada,Books,106,5,2025-07-25,530,2650
353,India,Beauty,279.77,2,2025-07-17,559.53999999999996,1119.0799999999999
354,China,Beauty,367.87,4,2025-03-28,1471.48,5885.9200000000001
355,Brazil,Grocery,309.91,9,2025-05-22,2789.1900000000001,25102.709999999999
356,Canada,Home Decor,98.07,1,2025-07-18,98.069999999999993,98.069999999999993
357,Brazil,Electronics,180.92,1,2025-02-15,180.91999999999999,180.91999999999999
358,Brazil,Beauty,392.98,7,2025-10-15,2750.8600000000001,19256.02
359,Canada,Electronics,279.34,3,2025-01-15,838.01999999999998,2514.0599999999999
360,USA,Fashion,7.59,2,2025-02-13,15.18,30.359999999999999
361,Pakistan,Grocery,381.69,9,2025-06-18,3435.21,30916.889999999999
362,Brazil,Fashion,22.48,3,2025-02-13,67.439999999999998,202.31999999999999
363,Canada,Electronics,374.14,2,2025-04-08,748.27999999999997,1496.5599999999999
364,Canada,Sports,105.23,8,2025-09-18,841.84000000000003,6734.7200000000003
365,UAE,Books,479.25,6,2025-04-19,2875.5,17253
366,USA,Electronics,187.13,6,2025-10-10,1122.78,6736.6800000000003
367,Australia,Home Decor,166.83,7,2025-04-14,1167.8099999999999,8174.6700000000001
368,UAE,Beauty,78.7,7,2025-09-13,550.89999999999998,3856.3000000000002
369,UAE,Beauty,156.27,6,2025-07-25,937.62,5625.7200000000003
370,Germany,Fashion,438.94,4,2025-02-12,1755.76,7023.04
371,Pakistan,Books,498.19,9,2025-09-02,4483.71,40353.389999999999
372,Canada,Grocery,187.31,6,2025-10-14,1123.8599999999999,6743.1599999999999
373,Pakistan,Sports,227.06,4,2025-09-30,908.24000000000001,3632.96
374,India,Toys,362.43,3,2025-03-24,1087.29,3261.8699999999999
375,Germany,Books,443.67,4,2025-04-20,1774.6800000000001,7098.7200000000003
376,Australia,Beauty,298.56,3,2025-07-09,895.67999999999995,2687.04
377,Pakistan,Home Decor,198.81,2,2025-10-15,397.62,795.24000000000001
378,UK,Books,209.25,5,2025-09-08,1046.25,5231.25
379,Brazil,Fashion,349.33,2,2025-07-31,698.65999999999997,1397.3199999999999
380,India,Fashion,6.59,6,2025-10-18,39.539999999999999,237.24000000000001
381,USA,Toys,311.7,3,2025-05-13,935.10000000000002,2805.3000000000002
382,Australia,Home Decor,180.97,6,2025-07-20,1085.8199999999999,6514.9200000000001
383,India,Grocery,398.13,9,2025-10-12,3583.1700000000001,32248.529999999999
384,Brazil,Books,51.03,1,2025-04-05,51.030000000000001,51.030000000000001
385,Germany,Home Decor,296.16,6,2025-10-05,1776.96,10661.76
386,Brazil,Grocery,243.08,9,2025-08-07,2187.7199999999998,19689.48
387,UAE,Home Decor,322.95,4,2025-03-30,1291.8,5167.1999999999998
388,Brazil,Home Decor,37.1,2,2025-03-13,74.200000000000003,148.40000000000001
389,UAE,Electronics,292.09,4,2025-09-04,1168.3599999999999,4673.4399999999996
390,Germany,Fashion,282.93,1,2025-05-09,282.93000000000001,282.93000000000001
391,China,Books,282.53,3,2025-07-31,847.59000000000003,2542.77
392,UAE,Home Decor,303.73,9,2025-04-06,2733.5700000000002,24602.130000000001
393,USA,Books,339.85,5,2025-03-16,1699.25,8496.25
394,Brazil,Toys,403.47,6,2025-02-23,2420.8200000000002,14524.92
395,Brazil,Home Decor,138.56,3,2025-02-23,415.68000000000001,1247.04
396,USA,Beauty,413.4,5,2025-08-06,2067,10335
397,UK,Fashion,251.64,8,2025-01-16,2013.1199999999999,16104.959999999999
398,Canada,Beauty,43.14,6,2025-04-09,258.83999999999997,1553.04
399,China,Books,33.98,4,2025-01-20,135.91999999999999,543.67999999999995
400,Australia,Books,170.45,2,2025-02-15,340.89999999999998,681.79999999999995
401,UAE,Fashion,393.52,9,2025-07-12,3541.6799999999998,31875.119999999999
402,USA,Books,355.3,1,2025-02-27,355.30000000000001,355.30000000000001
403,Germany,Beauty,395.36,1,2025-04-21,395.36000000000001,395.36000000000001
404,UAE,Home Decor,261.05,4,2025-05-09,1044.2,4176.8000000000002
405,Canada,Home Decor,222.9,7,2025-07-13,1560.3,10922.1
406,Germany,Electronics,77.99,1,2025-01-08,77.989999999999995,77.989999999999995
407,India,Toys,167.46,9,2025-01-29,1507.1400000000001,13564.26
408,Brazil,Books,219.84,4,2025-04-22,879.36000000000001,3517.4400000000001
409,India,Beauty,48.86,3,2025-06-10,146.58000000000001,439.74000000000001
410,UAE,Books,114.2,1,2025-05-11,114.2,114.2
411,Canada,Books,301.12,4,2025-07-07,1204.48,4817.9200000000001
412,China,Grocery,369.15,9,2025-06-12,3322.3499999999999,29901.150000000001
413,UAE,Electronics,499.18,6,2025-07-16,2995.0799999999999,17970.48
414,USA,Beauty,466.89,6,2025-07-23,2801.3400000000001,16808.040000000001
415,Pakistan,Beauty,323.07,1,2025-07-31,323.06999999999999,323.06999999999999
416,UAE,Books,213.52,2,2025-04-19,427.04000000000002,854.08000000000004
417,Brazil,Electronics,319.91,6,2025-10-03,1919.46,11516.76
418,Brazil,Home Decor,393.9,2,2025-03-14,787.79999999999995,1575.5999999999999
419,UAE,Beauty,63.58,3,2025-06-16,190.74000000000001,572.22000000000003
420,Germany,Home Decor,207.9,4,2025-09-17,831.60000000000002,3326.4000000000001
421,Pakistan,Electronics,420.7,5,2025-08-31,2103.5,10517.5
422,USA,Home Decor,195,9,2025-10-02,1755,15795
423,UAE,Fashion,288.08,4,2025-04-12,1152.3199999999999,4609.2799999999997
424,Germany,Grocery,295.95,9,2025-06-22,2663.5500000000002,23971.950000000001
425,Brazil,Sports,96.32,3,2025-06-20,288.95999999999998,866.88
426,Brazil,Beauty,184.31,8,2025-05-21,1474.48,11795.84
427,Canada,Toys,170.58,1,2025-07-07,170.58000000000001,170.58000000000001
428,UAE,Grocery,17.97,9,2025-03-27,161.72999999999999,1455.5699999999999
429,Pakistan,Sports,16.97,9,2025-02-21,152.72999999999999,1374.5699999999999
430,UK,Home Decor,416.69,2,2025-04-21,833.38,1666.76
431,Pakistan,Beauty,140.17,4,2025-02-12,560.67999999999995,2242.7199999999998
432,Brazil,Home Decor,261.45,8,2025-07-30,2091.5999999999999,16732.799999999999
433,Brazil,Fashion,152.87,7,2025-07-19,1070.0899999999999,7490.6300000000001
434,India,Electronics,470.64,1,2025-10-25,470.63999999999999,470.63999999999999
435,Brazil,Beauty,133.35,5,2025-08-28,666.75,3333.75
436,USA,Sports,217.68,7,2025-04-25,1523.76,10666.32
437,Australia,Sports,437,4,2025-01-26,1748,6992
438,UAE,Fashion,421.76,1,2025-10-26,421.75999999999999,421.75999999999999
439,Pakistan,Fashion,97.12,9,2025-03-18,874.08000000000004,7866.7200000000003
440,Australia,Books,402.31,5,2025-05-17,2011.55,10057.75
441,Germany,Beauty,231.8,2,2025-01-20,463.60000000000002,927.20000000000005
442,UK,Home Decor,244.07,8,2025-07-30,1952.5599999999999,15620.48
443,USA,Toys,71.07,2,2025-08-28,142.13999999999999,284.27999999999997
444,Pakistan,Sports,44.9,3,2025-02-08,134.69999999999999,404.10000000000002
445,Australia,Sports,365.33,1,2025-09-25,365.32999999999998,365.32999999999998
446,UK,Fashion,250.75,2,2025-07-26,501.5,1003
447,India,Grocery,221.24,7,2025-09-24,1548.6800000000001,10840.76
448,USA,Fashion,366.11,2,2025-06-03,732.22000000000003,1464.4400000000001
449,USA,Toys,383.93,6,2025-02-11,2303.5799999999999,13821.48
450,India,Home Decor,83.66,3,2025-01-11,250.97999999999999,752.94000000000005
451,UAE,Home Decor,307.06,4,2025-10-21,1228.24,4912.96
452,India,Grocery,72,8,2025-04-08,576,4608
453,USA,Sports,376.93,3,2025-10-02,1130.79,3392.3699999999999
454,USA,Fashion,330.19,6,2025-08-18,1981.1400000000001,11886.84
455,Australia,Books,478.52,1,2025-08-08,478.51999999999998,478.51999999999998
456,Brazil,Home Decor,39.13,7,2025-03-06,273.91000000000003,1917.3699999999999
457,UK,Toys,33.24,8,2025-08-20,265.92000000000002,2127.3600000000001
458,India,Beauty,144.68,8,2025-02-21,1157.4400000000001,9259.5200000000004
459,UK,Electronics,134.54,3,2025-09-20,403.62,1210.8599999999999
460,India,Electronics,127.25,1,2025-09-24,127.25,127.25
461,Germany,Electronics,453.6,9,2025-06-03,4082.4000000000001,36741.599999999999
462,USA,Books,128.53,6,2025-05-20,771.17999999999995,4627.0799999999999
463,Brazil,Sports,139.62,9,2025-02-20,1256.5799999999999,11309.219999999999
464,Australia,Fashion,380.9,7,2025-04-27,2666.3000000000002,18664.099999999999
465,Brazil,Grocery,227.62,1,2025-02-15,227.62,227.62
466,Brazil,Books,389.47,1,2025-03-29,389.47000000000003,389.47000000000003
467,Brazil,Books,37.36,6,2025-07-27,224.16,1344.96
468,UK,Home Decor,246.35,5,2025-09-26,1231.75,6158.75
469,India,Beauty,21.64,9,2025-03-30,194.75999999999999,1752.8399999999999
470,China,Books,36.01,2,2025-04-28,72.019999999999996,144.03999999999999
471,Germany,Toys,453.69,8,2025-02-23,3629.52,29036.16
472,Pakistan,Beauty,73.93,5,2025-04-26,369.64999999999998,1848.25
473,Brazil,Toys,268.55,2,2025-04-28,537.10000000000002,1074.2
474,UAE,Sports,208.49,6,2025-09-17,1250.9400000000001,7505.6400000000003
475,UK,Fashion,176.93,8,2025-03-16,1415.4400000000001,11323.52
476,Australia,Electronics,450.42,4,2025-11-01,1801.6800000000001,7206.7200000000003
477,Pakistan,Books,15.8,2,2025-01-07,31.600000000000001,63.200000000000003
478,China,Fashion,333.58,5,2025-05-02,1667.9000000000001,8339.5
479,UAE,Sports,481.88,2,2025-01-11,963.75999999999999,1927.52
480,China,Grocery,282.28,2,2025-08-03,564.55999999999995,1129.1199999999999
481,Pakistan,Grocery,468.73,6,2025-10-06,2812.3800000000001,16874.279999999999
482,Brazil,Sports,30.87,9,2025-01-28,277.82999999999998,2500.4699999999998
483,UAE,Toys,212.3,4,2025-08-23,849.20000000000005,3396.8000000000002
484,China,Home Decor,133.78,6,2025-01-26,802.67999999999995,4816.0799999999999
485,Australia,Home Decor,366.76,7,2025-02-23,2567.3200000000002,17971.240000000002
486,India,Toys,490.74,6,2025-01-29,2944.4400000000001,17666.639999999999
487,USA,Grocery,131.98,8,2025-06-13,1055.8399999999999,8446.7199999999993
488,India,Grocery,328.82,4,2025-09-27,1315.28,5261.1199999999999
489,Pakistan,Books,103.06,1,2025-02-04,103.06,103.06
490,UK,Grocery,284.84,7,2025-10-13,1993.8800000000001,13957.16
491,USA,Fashion,234.65,3,2025-09-30,703.95000000000005,2111.8499999999999
492,Germany,Grocery,486.14,6,2025-07-27,2916.8400000000001,17501.040000000001
493,Australia,Beauty,306.22,2,2025-08-26,612.44000000000005,1224.8800000000001
494,Germany,Books,178.01,9,2025-04-03,1602.0899999999999,14418.809999999999
495,UAE,Electronics,61.48,1,2025-06-22,61.479999999999997,61.479999999999997
496,USA,Grocery,79.87,6,2025-03-20,479.22000000000003,2875.3200000000002
497,Germany,Toys,116.53,6,2025-04-20,699.17999999999995,4195.0799999999999
498,Germany,Electronics,129.23,5,2025-08-05,646.14999999999998,3230.75
499,China,Fashion,426.05,5,2025-04-16,2130.25,10651.25
500,India,Toys,282.81,1,2025-02-16,282.81,282.81
501,China,Electronics,264.08,5,2025-06-30,1320.4000000000001,6602
502,USA,Toys,61.81,2,2025-03-05,123.62,247.24000000000001
503,USA,Fashion,430.77,7,2025-09-03,3015.3899999999999,21107.73
504,Pakistan,Books,362.79,3,2025-09-01,1088.3699999999999,3265.1100000000001
505,China,Beauty,38.5,4,2025-03-28,154,616
506,Canada,Fashion,355.38,3,2025-08-05,1066.1400000000001,3198.4200000000001
507,India,Fashion,274.05,3,2025-01-07,822.14999999999998,2466.4499999999998
508,USA,Toys,45.45,4,2025-10-05,181.80000000000001,727.20000000000005
509,Pakistan,Books,231.86,5,2025-07-29,1159.3,5796.5
510,China,Sports,244.92,1,2025-06-18,244.91999999999999,244.91999999999999
511,India,Home Decor,87.06,4,2025-05-18,348.24000000000001,1392.96
512,China,Grocery,473.12,8,2025-08-18,3784.96,30279.68
513,Germany,Grocery,425.74,7,2025-06-10,2980.1799999999998,20861.259999999998
514,Pakistan,Beauty,336.17,9,2025-01-01,3025.5300000000002,27229.77
515,India,Beauty,233.84,5,2025-08-24,1169.2,5846
516,Brazil,Grocery,208.82,4,2025-07-07,835.27999999999997,3341.1199999999999
517,UAE,Home Decor,327.23,8,2025-01-04,2617.8400000000001,20942.720000000001
518,UAE,Grocery,274.99,9,2025-05-12,2474.9099999999999,22274.189999999999
519,India,Sports,35.83,7,2025-08-06,250.81,1755.6700000000001
520,China,Home Decor,258.69,7,2025-09-17,1810.8299999999999,12675.809999999999
521,Pakistan,Beauty,404.17,5,2025-01-01,2020.8499999999999,10104.25
522,UAE,Electronics,232.32,4,2025-03-12,929.27999999999997,3717.1199999999999
523,Pakistan,Toys,30.72,1,2025-06-27,30.719999999999999,30.719999999999999
524,UAE,Sports,394.21,7,2025-07-08,2759.4699999999998,19316.290000000001
525,Germany,Sports,104.68,1,2025-10-18,104.68000000000001,104.68000000000001
526,China,Books,133.02,1,2025-01-08,133.02000000000001,133.02000000000001
527,Germany,Beauty,86.53,5,2025-09-10,432.64999999999998,2163.25
528,UAE,Beauty,168.46,9,2025-10-19,1516.1400000000001,13645.26
529,Brazil,Fashion,379.59,6,2025-09-01,2277.54,13665.24
530,Brazil,Sports,262.1,3,2025-05-03,786.29999999999995,2358.9000000000001
531,Germany,Fashion,106.42,3,2025-10-26,319.25999999999999,957.77999999999997
532,Brazil,Fashion,439.53,7,2025-10-10,3076.71,21536.970000000001
533,UAE,Toys,440.39,6,2025-02-01,2642.3400000000001,15854.040000000001
534,India,Fashion,435.94,9,2025-05-26,3923.46,35311.139999999999
535,Germany,Home Decor,123.2,6,2025-06-05,739.20000000000005,4435.1999999999998
536,UK,Grocery,228.36,5,2025-01-16,1141.8,5709
537,China,Electronics,492.57,7,2025-02-16,3447.9899999999998,24135.93
538,Brazil,Beauty,387.15,1,2025-09-08,387.14999999999998,387.14999999999998
539,Brazil,Home Decor,18.45,7,2025-07-06,129.15000000000001,904.04999999999995
540,USA,Electronics,37.28,3,2025-01-31,111.84,335.51999999999998
541,Canada,Sports,234.65,9,2025-09-17,2111.8499999999999,19006.650000000001
542,Germany,Sports,455.06,6,2025-01-17,2730.3600000000001,16382.16
543,Australia,Sports,271.66,9,2025-02-08,2444.9400000000001,22004.459999999999
544,Brazil,Home Decor,251.42,5,2025-10-31,1257.0999999999999,6285.5
545,China,Home Decor,57.21,7,2025-02-08,400.47000000000003,2803.29
546,UK,Beauty,330.11,4,2025-05-12,1320.4400000000001,5281.7600000000002
547,Brazil,Grocery,411.94,7,2025-01-30,2883.5799999999999,20185.060000000001
548,UK,Books,193.31,1,2025-06-07,193.31,193.31
549,UAE,Fashion,388.93,7,2025-10-05,2722.5100000000002,19057.57
550,UAE,Sports,482.42,8,2025-07-22,3859.3600000000001,30874.880000000001
551,Canada,Toys,105.86,5,2025-03-07,529.29999999999995,2646.5
552,India,Grocery,264.05,2,2025-04-18,528.10000000000002,1056.2
553,Australia,Toys,147.13,5,2025-09-25,735.64999999999998,3678.25
554,USA,Beauty,397.46,6,2025-08-10,2384.7600000000002,14308.559999999999
555,Canada,Beauty,290.91,2,2025-10-19,581.82000000000005,1163.6400000000001
556,Pakistan,Beauty,319.12,6,2025-01-18,1914.72,11488.32
557,USA,Electronics,399.97,6,2025-03-31,2399.8200000000002,14398.92
558,Germany,Toys,201.01,1,2025-06-30,201.00999999999999,201.00999999999999
559,China,Grocery,457.97,1,2025-09-12,457.97000000000003,457.97000000000003
560,Pakistan,Books,268.85,3,2025-09-10,806.54999999999995,2419.6500000000001
561,Pakistan,Grocery,83.19,3,2025-09-14,249.56999999999999,748.71000000000004
562,Canada,Home Decor,349.47,4,2025-03-28,1397.8800000000001,5591.5200000000004
563,India,Home Decor,397.66,2,2025-03-31,795.32000000000005,1590.6400000000001
564,Canada,Sports,161.8,9,2025-08-25,1456.2,13105.799999999999
565,Germany,Books,429.3,7,2025-03-11,3005.0999999999999,21035.700000000001
566,Brazil,Home Decor,453.54,7,2025-02-13,3174.7800000000002,22223.459999999999
567,Brazil,Beauty,142.07,6,2025-07-19,852.41999999999996,5114.5200000000004
568,India,Grocery,491.84,3,2025-06-01,1475.52,4426.5600000000004
569,Germany,Toys,74.65,6,2025-03-27,447.89999999999998,2687.4000000000001
570,India,Beauty,105,8,2025-01-19,840,6720
571,UK,Electronics,96.19,8,2025-04-11,769.51999999999998,6156.1599999999999
572,Brazil,Home Decor,447.52,9,2025-04-05,4027.6799999999998,36249.120000000003
573,Pakistan,Beauty,328.87,1,2025-09-11,328.87,328.87
574,Australia,Beauty,80.29,1,2025-01-30,80.290000000000006,80.290000000000006
575,China,Electronics,222.96,3,2025-09-06,668.88,2006.6400000000001
576,Germany,Fashion,309.57,3,2025-02-02,928.71000000000004,2786.1300000000001
577,USA,Grocery,46.31,8,2025-08-17,370.48000000000002,2963.8400000000001
578,India,Toys,441.8,1,2025-01-12,441.80000000000001,441.80000000000001
579,China,Sports,402.78,2,2025-04-28,805.55999999999995,1611.1199999999999
580,USA,Fashion,255.08,2,2025-06-04,510.16000000000003,1020.3200000000001
581,China,Home Decor,483.73,3,2025-09-03,1451.1900000000001,4353.5699999999997
582,Australia,Beauty,211.79,6,2025-09-04,1270.74,7624.4399999999996
583,USA,Books,492.13,1,2025-01-29,492.13,492.13
584,Canada,Electronics,335.62,2,2025-06-10,671.24000000000001,1342.48
585,UAE,Electronics,319.16,1,2025-08-23,319.16000000000003,319.16000000000003
586,Canada,Books,87.15,5,2025-07-09,435.75,2178.75
587,Brazil,Grocery,441.55,7,2025-04-27,3090.8499999999999,21635.950000000001
588,UAE,Fashion,216.61,8,2025-09-28,1732.8800000000001,13863.040000000001
589,Canada,Sports,85.31,1,2025-09-15,85.310000000000002,85.310000000000002
590,UAE,Grocery,11.24,7,2025-06-29,78.680000000000007,550.75999999999999
591,UAE,Books,282.08,5,2025-06-21,1410.4000000000001,7052
592,Pakistan,Beauty,266.06,1,2025-10-01,266.06,266.06
593,India,Books,361.08,3,2025-09-16,1083.24,3249.7199999999998
594,India,Grocery,445.68,7,2025-05-15,3119.7600000000002,21838.32
595,Pakistan,Toys,44.31,1,2025-06-20,44.310000000000002,44.310000000000002
596,China,Electronics,367.09,7,2025-07-29,2569.6300000000001,17987.41
597,UK,Electronics,97.77,5,2025-08-24,488.85000000000002,2444.25
598,China,Home Decor,429.8,1,2025-07-05,429.80000000000001,429.80000000000001
599,USA,Home Decor,410.44,1,2025-04-05,410.44,410.44
600,USA,Books,272.69,1,2025-01-11,272.69,272.69
601,UAE,Sports,356.57,9,2025-03-09,3209.1300000000001,28882.169999999998
602,Canada,Beauty,160.6,3,2025-07-29,481.80000000000001,1445.4000000000001
603,Canada,Toys,238.23,5,2025-07-15,1191.1500000000001,5955.75
604,India,Fashion,411.71,9,2025-04-08,3705.3899999999999,33348.510000000002
605,Germany,Grocery,232.34,6,2025-04-03,1394.04,8364.2399999999998
606,China,Sports,182.11,9,2025-01-22,1638.99,14750.91
607,Brazil,Beauty,249.64,8,2025-06-21,1997.1199999999999,15976.959999999999
608,Australia,Home Decor,414.98,8,2025-05-14,3319.8400000000001,26558.720000000001
609,Canada,Books,170.93,1,2025-01-25,170.93000000000001,170.93000000000001
610,Australia,Grocery,91.01,9,2025-07-04,819.09000000000003,7371.8100000000004
611,UAE,Home Decor,357.45,6,2025-03-26,2144.6999999999998,12868.200000000001
612,Australia,Books,413.86,9,2025-02-24,3724.7399999999998,33522.660000000003
613,Brazil,Grocery,54.82,3,2025-09-08,164.46000000000001,493.38
614,Pakistan,Fashion,123.74,3,2025-05-24,371.22000000000003,1113.6600000000001
615,Brazil,Beauty,75.28,6,2025-06-16,451.68000000000001,2710.0799999999999
616,Australia,Grocery,177.23,9,2025-08-12,1595.0699999999999,14355.629999999999
617,Brazil,Toys,227.92,7,2025-08-08,1595.4400000000001,11168.08
618,UK,Sports,375.67,3,2025-06-28,1127.01,3381.0300000000002
619,UAE,Electronics,327.32,3,2025-04-29,981.96000000000004,2945.8800000000001
620,China,Toys,312.36,2,2025-09-22,624.72000000000003,1249.4400000000001
621,Pakistan,Toys,179.43,9,2025-05-30,1614.8699999999999,14533.83
622,Canada,Sports,421.52,3,2025-08-03,1264.5599999999999,3793.6799999999998
623,USA,Electronics,238.29,5,2025-07-16,1191.45,5957.25
624,China,Toys,489.66,9,2025-02-11,4406.9399999999996,39662.459999999999
625,USA,Grocery,318.9,8,2025-02-22,2551.1999999999998,20409.599999999999
626,UAE,Grocery,67.5,2,2025-09-08,135,270
627,Pakistan,Grocery,339.71,3,2025-10-22,1019.13,3057.3899999999999
628,India,Electronics,165.93,2,2025-09-28,331.86000000000001,663.72000000000003
629,Canada,Toys,344.73,8,2025-05-03,2757.8400000000001,22062.720000000001
630,UK,Books,39.47,6,2025-09-23,236.81999999999999,1420.9200000000001
631,India,Electronics,91.57,6,2025-01-29,549.41999999999996,3296.52
632,UAE,Grocery,428.59,9,2025-02-04,3857.3099999999999,34715.790000000001
633,China,Sports,117.45,8,2025-01-06,939.60000000000002,7516.8000000000002
634,UK,Toys,419.34,4,2025-04-21,1677.3599999999999,6709.4399999999996
635,Brazil,Toys,143.24,4,2025-10-21,572.96000000000004,2291.8400000000001
636,Australia,Home Decor,323.23,9,2025-03-18,2909.0700000000002,26181.630000000001
637,UK,Home Decor,348.6,1,2025-05-27,348.60000000000002,348.60000000000002
638,UAE,Fashion,258.76,2,2025-03-08,517.51999999999998,1035.04
639,Germany,Books,156.13,2,2025-01-08,312.25999999999999,624.51999999999998
640,Australia,Books,110.26,6,2025-05-02,661.55999999999995,3969.3600000000001
641,USA,Beauty,21.43,4,2025-06-24,85.719999999999999,342.88
642,Canada,Books,155.45,3,2025-06-28,466.35000000000002,1399.05
643,USA,Home Decor,328.32,3,2025-03-26,984.96000000000004,2954.8800000000001
644,UK,Electronics,469.46,3,2025-02-14,1408.3800000000001,4225.1400000000003
645,USA,Books,436.25,6,2025-05-16,2617.5,15705
646,UAE,Home Decor,384.2,8,2025-01-16,3073.5999999999999,24588.799999999999
647,Brazil,Fashion,395.28,7,2025-07-14,2766.96,19368.720000000001
648,China,Toys,334.17,4,2025-01-09,1336.6800000000001,5346.7200000000003
649,Canada,Books,133.84,4,2025-01-15,535.36000000000001,2141.4400000000001
650,USA,Fashion,454.06,2,2025-04-12,908.12,1816.24
651,USA,Toys,337.01,1,2025-08-14,337.00999999999999,337.00999999999999
652,UK,Sports,282.42,9,2025-10-05,2541.7800000000002,22876.02
653,China,Sports,59.94,2,2025-04-23,119.88,239.75999999999999
654,India,Toys,226.29,8,2025-01-01,1810.3199999999999,14482.559999999999
655,USA,Books,232.88,9,2025-09-23,2095.9200000000001,18863.279999999999
656,UAE,Beauty,432.96,4,2025-07-27,1731.8399999999999,6927.3599999999997
657,Germany,Home Decor,275.59,8,2025-04-20,2204.7199999999998,17637.759999999998
658,Canada,Electronics,193.3,9,2025-07-19,1739.7,15657.299999999999
659,USA,Electronics,488.52,5,2025-01-12,2442.5999999999999,12213
660,UAE,Grocery,59.81,7,2025-07-07,418.67000000000002,2930.6900000000001
661,UAE,Toys,214.16,4,2025-06-03,856.63999999999999,3426.5599999999999
662,Canada,Electronics,25.8,1,2025-10-06,25.800000000000001,25.800000000000001
663,India,Books,371.25,3,2025-06-20,1113.75,3341.25
664,UAE,Beauty,459.45,5,2025-05-14,2297.25,11486.25
665,Germany,Toys,143.62,3,2025-01-25,430.86000000000001,1292.5799999999999
666,UAE,Beauty,429.88,7,2025-01-18,3009.1599999999999,21064.119999999999
667,UAE,Books,149.65,9,2025-07-09,1346.8499999999999,12121.65
668,UAE,Electronics,455.83,6,2025-05-21,2734.98,16409.880000000001
669,Brazil,Electronics,378.21,1,2025-02-12,378.20999999999998,378.20999999999998
670,Brazil,Grocery,403.43,7,2025-10-11,2824.0100000000002,19768.07
671,India,Electronics,13.91,3,2025-05-26,41.729999999999997,125.19
672,USA,Toys,481.59,5,2025-04-02,2407.9499999999998,12039.75
673,UAE,Books,364.7,4,2025-06-28,1458.8,5835.1999999999998
674,China,Sports,155.85,5,2025-02-25,779.25,3896.25
675,USA,Books,415.55,5,2025-06-04,2077.75,10388.75
676,India,Toys,144.35,6,2025-06-09,866.10000000000002,5196.6000000000004
677,Pakistan,Toys,437.01,6,2025-04-21,2622.0599999999999,15732.360000000001
678,USA,Grocery,60.73,8,2025-05-17,485.83999999999997,3886.7199999999998
679,USA,Grocery,353.32,8,2025-08-20,2826.5599999999999,22612.48
680,Australia,Electronics,272.65,9,2025-08-08,2453.8499999999999,22084.650000000001
681,UK,Fashion,52.78,8,2025-03-09,422.24000000000001,3377.9200000000001
682,Australia,Books,124.74,2,2025-10-29,249.47999999999999,498.95999999999998
683,Germany,Books,11.14,1,2025-09-06,11.140000000000001,11.140000000000001
684,Brazil,Fashion,237.04,2,2025-01-06,474.07999999999998,948.15999999999997
685,Brazil,Grocery,154.13,2,2025-10-07,308.25999999999999,616.51999999999998
686,UK,Electronics,301.19,3,2025-04-04,903.57000000000005,2710.71
687,Canada,Fashion,152.13,7,2025-09-26,1064.9100000000001,7454.3699999999999
688,Canada,Electronics,153.46,2,2025-07-16,306.92000000000002,613.84000000000003
689,India,Electronics,372.88,1,2025-01-25,372.88,372.88
690,UK,Electronics,28.83,6,2025-05-28,172.97999999999999,1037.8800000000001
691,USA,Home Decor,451.93,9,2025-04-28,4067.3699999999999,36606.330000000002
692,Canada,Toys,426.87,3,2025-03-07,1280.6099999999999,3841.8299999999999
693,UAE,Electronics,335.56,6,2025-10-28,2013.3599999999999,12080.16
694,China,Home Decor,298.64,3,2025-06-24,895.91999999999996,2687.7600000000002
695,USA,Grocery,446.69,1,2025-03-17,446.69,446.69
696,Germany,Fashion,96.74,5,2025-04-24,483.69999999999999,2418.5
697,UAE,Toys,44.09,4,2025-04-21,176.36000000000001,705.44000000000005
698,UAE,Sports,123.56,7,2025-09-06,864.91999999999996,6054.4399999999996
699,UK,Fashion,398.32,6,2025-07-22,2389.9200000000001,14339.52
700,India,Toys,22.16,7,2025-05-27,155.12,1085.8399999999999
701,Germany,Sports,293.49,5,2025-02-04,1467.45,7337.25
702,Canada,Fashion,497.74,4,2025-01-26,1990.96,7963.8400000000001
703,UK,Toys,428.57,7,2025-08-26,2999.9899999999998,20999.93
704,Canada,Fashion,263.12,7,2025-01-14,1841.8399999999999,12892.879999999999
705,UK,Fashion,36.5,6,2025-02-14,219,1314
706,UK,Sports,416.53,8,2025-08-04,3332.2399999999998,26657.919999999998
707,UK,Fashion,301.49,4,2025-08-21,1205.96,4823.8400000000001
708,India,Fashion,61.89,5,2025-07-12,309.44999999999999,1547.25
709,UK,Sports,51.46,4,2025-02-20,205.84,823.36000000000001
710,Pakistan,Grocery,455.27,1,2025-08-02,455.26999999999998,455.26999999999998
711,China,Electronics,336.25,8,2025-05-31,2690,21520
712,Canada,Books,415.5,1,2025-10-02,415.5,415.5
713,USA,Beauty,440.09,5,2025-03-17,2200.4499999999998,11002.25
714,Australia,Home Decor,288.03,6,2025-08-08,1728.1800000000001,10369.08
715,Germany,Beauty,261.14,6,2025-07-06,1566.8399999999999,9401.0400000000009
716,Brazil,Beauty,218.06,5,2025-10-16,1090.3,5451.5
717,India,Toys,161.89,3,2025-01-28,485.67000000000002,1457.01
718,USA,Electronics,220.13,5,2025-06-29,1100.6500000000001,5503.25
719,UAE,Toys,388.07,8,2025-09-10,3104.5599999999999,24836.48
720,Pakistan,Electronics,302.95,2,2025-05-06,605.89999999999998,1211.8
721,Brazil,Sports,446.8,6,2025-06-26,2680.8000000000002,16084.799999999999
722,Australia,Sports,224.47,9,2025-02-06,2020.23,18182.07
723,USA,Books,305.51,8,2025-04-09,2444.0799999999999,19552.639999999999
724,Brazil,Electronics,317.5,8,2025-04-08,2540,20320
725,USA,Fashion,297.89,8,2025-05-07,2383.1199999999999,19064.959999999999
726,Pakistan,Grocery,352.8,7,2025-06-17,2469.5999999999999,17287.200000000001
727,Australia,Books,122.53,8,2025-03-21,980.24000000000001,7841.9200000000001
728,UAE,Books,258.62,6,2025-10-21,1551.72,9310.3199999999997
729,UK,Fashion,56.59,2,2025-05-06,113.18000000000001,226.36000000000001
730,Canada,Grocery,195.33,2,2025-05-30,390.66000000000003,781.32000000000005
731,UAE,Toys,246.4,8,2025-01-16,1971.2,15769.6
732,UK,Grocery,327.85,1,2025-01-28,327.85000000000002,327.85000000000002
733,India,Toys,475.51,6,2025-06-22,2853.0599999999999,17118.360000000001
734,China,Sports,302.32,6,2025-02-15,1813.9200000000001,10883.52
735,Germany,Beauty,373.08,4,2025-08-24,1492.3199999999999,5969.2799999999997
736,Germany,Sports,255.6,3,2025-08-02,766.79999999999995,2300.4000000000001
737,Canada,Sports,318.88,3,2025-03-26,956.63999999999999,2869.9200000000001
738,Australia,Beauty,40.11,1,2025-10-09,40.109999999999999,40.109999999999999
739,Pakistan,Grocery,130.92,3,2025-08-20,392.75999999999999,1178.28
740,Australia,Books,184.12,4,2025-03-26,736.48000000000002,2945.9200000000001
741,Pakistan,Grocery,238.88,5,2025-03-06,1194.4000000000001,5972
742,Australia,Toys,27.6,3,2025-05-14,82.799999999999997,248.40000000000001
743,China,Fashion,74.31,6,2025-05-31,445.86000000000001,2675.1599999999999
744,India,Toys,142.02,5,2025-04-25,710.10000000000002,3550.5
745,India,Fashion,485.91,3,2025-03-05,1457.73,4373.1899999999996
746,UK,Sports,169.02,6,2025-06-07,1014.12,6084.7200000000003
747,Brazil,Beauty,243.61,6,2025-03-18,1461.6600000000001,8769.9599999999991
748,India,Sports,102.07,8,2025-05-26,816.55999999999995,6532.4799999999996
749,India,Electronics,307.34,2,2025-08-13,614.67999999999995,1229.3599999999999
750,UAE,Grocery,143.94,1,2025-04-13,143.94,143.94
751,UAE,Fashion,107.46,4,2025-10-28,429.83999999999997,1719.3599999999999
752,UK,Toys,260.7,7,2025-03-29,1824.9000000000001,12774.299999999999
753,Brazil,Beauty,7.73,3,2025-10-30,23.190000000000001,69.569999999999993
754,Canada,Fashion,8.79,3,2025-06-17,26.370000000000001,79.109999999999999
755,UAE,Toys,113.44,5,2025-06-19,567.20000000000005,2836
756,Canada,Grocery,23.18,5,2025-05-15,115.90000000000001,579.5
757,USA,Sports,58.47,3,2025-02-19,175.41,526.23000000000002
758,UAE,Grocery,172.74,9,2025-05-14,1554.6600000000001,13991.940000000001
759,China,Home Decor,402.28,4,2025-05-17,1609.1199999999999,6436.4799999999996
760,Brazil,Electronics,288.16,3,2025-09-02,864.48000000000002,2593.4400000000001
761,UK,Home Decor,258.77,2,2025-04-19,517.53999999999996,1035.0799999999999
762,USA,Beauty,150.28,9,2025-10-14,1352.52,12172.68
763,Brazil,Fashion,466.22,4,2025-01-21,1864.8800000000001,7459.5200000000004
764,China,Beauty,201.52,3,2025-03-31,604.55999999999995,1813.6800000000001
765,Brazil,Sports,48.11,7,2025-10-23,336.76999999999998,2357.3899999999999
766,China,Toys,310.45,8,2025-04-22,2483.5999999999999,19868.799999999999
767,China,Grocery,61.35,2,2025-10-28,122.7,245.40000000000001
768,Canada,Home Decor,175.89,7,2025-03-18,1231.23,8618.6100000000006
769,Australia,Books,256.17,5,2025-06-26,1280.8499999999999,6404.25
770,USA,Home Decor,437.74,5,2025-05-28,2188.6999999999998,10943.5
771,Brazil,Sports,249.31,3,2025-04-11,747.92999999999995,2243.79
772,Pakistan,Home Decor,352.62,5,2025-09-03,1763.0999999999999,8815.5
773,USA,Sports,496.44,2,2025-04-27,992.88,1985.76
774,Australia,Books,70.09,4,2025-04-02,280.36000000000001,1121.4400000000001
775,USA,Beauty,140.99,6,2025-01-28,845.94000000000005,5075.6400000000003
776,India,Grocery,200.32,1,2025-01-25,200.31999999999999,200.31999999999999
777,Pakistan,Fashion,213.8,4,2025-02-27,855.20000000000005,3420.8000000000002
778,Australia,Toys,208.46,6,2025-10-24,1250.76,7504.5600000000004
779,Canada,Fashion,454.27,9,2025-05-14,4088.4299999999998,36795.870000000003
780,Brazil,Beauty,358.45,2,2025-09-06,716.89999999999998,1433.8
781,Germany,Toys,305.91,7,2025-02-07,2141.3699999999999,14989.59
782,Australia,Home Decor,158.14,6,2025-03-16,948.84000000000003,5693.04
783,UK,Books,412.78,2,2025-05-22,825.55999999999995,1651.1199999999999
784,Brazil,Books,477.75,8,2025-06-17,3822,30576
785,Australia,Electronics,411.49,7,2025-09-16,2880.4299999999998,20163.009999999998
786,India,Beauty,5.77,5,2025-08-13,28.850000000000001,144.25
787,Germany,Beauty,320.02,5,2025-06-01,1600.0999999999999,8000.5
788,India,Grocery,30.31,7,2025-01-19,212.16999999999999,1485.1900000000001
789,Germany,Fashion,132.52,9,2025-05-26,1192.6800000000001,10734.120000000001
790,UK,Beauty,34.46,9,2025-08-29,310.13999999999999,2791.2600000000002
791,Brazil,Beauty,303.88,9,2025-08-25,2734.9200000000001,24614.279999999999
792,Canada,Home Decor,344.86,6,2025-02-04,2069.1599999999999,12414.959999999999
793,India,Home Decor,61.67,6,2025-07-09,370.01999999999998,2220.1199999999999
794,India,Toys,195,3,2025-01-01,585,1755
795,China,Sports,230.84,1,2025-06-02,230.84,230.84
796,Germany,Sports,187.68,7,2025-05-06,1313.76,9196.3199999999997
797,UAE,Electronics,64.91,4,2025-08-14,259.63999999999999,1038.5599999999999
798,Brazil,Sports,212.38,1,2025-08-09,212.38,212.38
799,Germany,Grocery,376.83,8,2025-07-30,3014.6399999999999,24117.119999999999
800,China,Electronics,40.15,6,2025-01-25,240.90000000000001,1445.4000000000001
801,USA,Toys,44.69,6,2025-01-16,268.13999999999999,1608.8399999999999
802,Germany,Home Decor,180.61,2,2025-07-01,361.22000000000003,722.44000000000005
803,Canada,Sports,471.15,1,2025-05-09,471.14999999999998,471.14999999999998
804,Brazil,Fashion,335.94,2,2025-02-11,671.88,1343.76
805,China,Home Decor,340.94,4,2025-08-24,1363.76,5455.04
806,USA,Books,184.15,2,2025-02-03,368.30000000000001,736.60000000000002
807,Pakistan,Grocery,298.86,1,2025-02-14,298.86000000000001,298.86000000000001
808,China,Home Decor,10.01,7,2025-05-14,70.069999999999993,490.49000000000001
809,Pakistan,Grocery,319.87,8,2025-01-21,2558.96,20471.68
810,Brazil,Grocery,457.08,6,2025-05-02,2742.48,16454.880000000001
811,India,Grocery,308.22,4,2025-03-11,1232.8800000000001,4931.5200000000004
812,China,Toys,437.48,6,2025-02-17,2624.8800000000001,15749.280000000001
813,UK,Grocery,363.37,3,2025-02-08,1090.1099999999999,3270.3299999999999
814,Pakistan,Grocery,64.68,8,2025-10-14,517.44000000000005,4139.5200000000004
815,Canada,Books,451.71,2,2025-01-10,903.41999999999996,1806.8399999999999
816,UK,Fashion,37.89,5,2025-01-30,189.44999999999999,947.25
817,Australia,Electronics,269.31,1,2025-09-01,269.31,269.31
818,Australia,Beauty,75.36,6,2025-10-01,452.16000000000003,2712.96
819,USA,Books,10.79,2,2025-03-29,21.579999999999998,43.159999999999997
820,India,Electronics,213.91,4,2025-09-01,855.63999999999999,3422.5599999999999
821,Brazil,Grocery,151.05,6,2025-01-15,906.29999999999995,5437.8000000000002
822,China,Fashion,245.57,8,2025-01-04,1964.5599999999999,15716.48
823,UAE,Home Decor,290.71,8,2025-07-10,2325.6799999999998,18605.439999999999
824,Canada,Fashion,26.65,6,2025-06-17,159.90000000000001,959.39999999999998
825,Pakistan,Books,65.89,4,2025-01-09,263.56,1054.24
826,Brazil,Grocery,281.53,8,2025-04-19,2252.2399999999998,18017.919999999998
827,UK,Fashion,174.87,8,2025-05-17,1398.96,11191.68
828,Australia,Sports,365.94,1,2025-06-03,365.94,365.94
829,Canada,Fashion,327.88,4,2025-07-28,1311.52,5246.0799999999999
830,UAE,Grocery,423.57,4,2025-09-29,1694.28,6777.1199999999999
831,China,Toys,347.78,7,2025-05-23,2434.46,17041.220000000001
832,USA,Sports,217.82,7,2025-04-09,1524.74,10673.18
833,UAE,Fashion,338.12,8,2025-03-10,2704.96,21639.68
834,Canada,Beauty,141.31,5,2025-09-04,706.54999999999995,3532.75
835,UAE,Beauty,156.63,7,2025-09-18,1096.4100000000001,7674.8699999999999
836,Canada,Fashion,395.55,8,2025-10-03,3164.4000000000001,25315.200000000001
837,Canada,Toys,225.98,9,2025-03-20,2033.8199999999999,18304.380000000001
838,Germany,Home Decor,400.2,3,2025-05-26,1200.5999999999999,3601.8000000000002
839,Pakistan,Grocery,412.1,3,2025-04-21,1236.3,3708.9000000000001
840,Australia,Beauty,429.49,4,2025-09-15,1717.96,6871.8400000000001
841,Germany,Home Decor,458.73,5,2025-04-03,2293.6500000000001,11468.25
842,China,Fashion,218.34,1,2025-01-13,218.34,218.34
843,Germany,Books,162.84,7,2025-09-17,1139.8800000000001,7979.1599999999999
844,India,Home Decor,293.19,9,2025-04-19,2638.71,23748.389999999999
845,India,Sports,188.73,8,2025-07-08,1509.8399999999999,12078.719999999999
846,Australia,Electronics,302.53,5,2025-04-05,1512.6500000000001,7563.25
847,UAE,Beauty,354.27,4,2025-04-15,1417.0799999999999,5668.3199999999997
848,Pakistan,Fashion,345.76,7,2025-01-08,2420.3200000000002,16942.240000000002
849,Australia,Books,190.4,5,2025-03-08,952,4760
850,Canada,Grocery,87.6,7,2025-07-10,613.20000000000005,4292.3999999999996
851,UK,Books,218.11,1,2025-09-13,218.11000000000001,218.11000000000001
852,Pakistan,Toys,75.58,1,2025-01-09,75.579999999999998,75.579999999999998
853,Pakistan,Sports,445.6,3,2025-04-27,1336.8,4010.4000000000001
854,Canada,Fashion,176.21,2,2025-09-24,352.42000000000002,704.84000000000003
855,Canada,Grocery,81.46,2,2025-04-09,162.91999999999999,325.83999999999997
856,USA,Toys,17.6,7,2025-10-25,123.2,862.39999999999998
857,Australia,Toys,324.68,2,2025-06-13,649.36000000000001,1298.72
858,Canada,Fashion,320.27,4,2025-05-21,1281.0799999999999,5124.3199999999997
859,India,Sports,173.6,2,2025-09-25,347.19999999999999,694.39999999999998
860,China,Home Decor,40.5,6,2025-02-06,243,1458
861,UK,Home Decor,207.77,8,2025-03-15,1662.1600000000001,13297.280000000001
862,Australia,Toys,159.05,4,2025-03-14,636.20000000000005,2544.8000000000002
863,Brazil,Home Decor,340.17,5,2025-07-18,1700.8499999999999,8504.25
864,India,Electronics,304.86,4,2025-05-10,1219.4400000000001,4877.7600000000002
865,UAE,Toys,185.47,3,2025-09-03,556.40999999999997,1669.23
866,Canada,Toys,112.86,5,2025-03-01,564.29999999999995,2821.5
867,Brazil,Grocery,494.08,9,2025-10-06,4446.7200000000003,40020.480000000003
868,Canada,Home Decor,229.73,8,2025-04-13,1837.8399999999999,14702.719999999999
869,Pakistan,Sports,345.7,8,2025-10-23,2765.5999999999999,22124.799999999999
870,India,Toys,74.57,8,2025-05-31,596.55999999999995,4772.4799999999996
871,Pakistan,Books,245.37,8,2025-06-06,1962.96,15703.68
872,USA,Sports,18.63,7,2025-07-25,130.41,912.87
873,Pakistan,Electronics,255.2,8,2025-06-28,2041.5999999999999,16332.799999999999
874,USA,Grocery,482.19,8,2025-07-16,3857.52,30860.16
875,USA,Fashion,195.18,8,2025-08-11,1561.4400000000001,12491.52
876,Brazil,Sports,24.3,7,2025-03-30,170.09999999999999,1190.7
877,Canada,Toys,20.32,1,2025-10-14,20.32,20.32
878,UAE,Electronics,197.05,4,2025-10-03,788.20000000000005,3152.8000000000002
879,Pakistan,Beauty,84.21,4,2025-08-24,336.83999999999997,1347.3599999999999
880,India,Electronics,16.56,5,2025-07-02,82.799999999999997,414
881,USA,Electronics,379.33,6,2025-07-28,2275.98,13655.879999999999
882,Canada,Grocery,231.97,4,2025-05-10,927.88,3711.52
883,UK,Fashion,148.18,2,2025-06-02,296.36000000000001,592.72000000000003
884,Australia,Beauty,450.54,6,2025-01-13,2703.2399999999998,16219.440000000001
885,Brazil,Home Decor,62.49,8,2025-05-02,499.92000000000002,3999.3600000000001
886,UAE,Home Decor,478.18,8,2025-08-08,3825.4400000000001,30603.52
887,Germany,Sports,160.41,7,2025-04-16,1122.8699999999999,7860.0900000000001
888,Brazil,Electronics,444.76,6,2025-03-11,2668.5599999999999,16011.360000000001
889,UK,Books,303.46,2,2025-07-14,606.91999999999996,1213.8399999999999
890,Australia,Grocery,414.22,7,2025-07-05,2899.54,20296.779999999999
891,UK,Books,492.09,5,2025-04-09,2460.4499999999998,12302.25
892,Pakistan,Grocery,147.76,6,2025-03-23,886.55999999999995,5319.3599999999997
893,USA,Home Decor,480.76,8,2025-03-16,3846.0799999999999,30768.639999999999
894,UAE,Sports,197.79,8,2025-07-11,1582.3199999999999,12658.559999999999
895,China,Sports,195.83,3,2025-08-02,587.49000000000001,1762.47
896,USA,Sports,173.49,7,2025-05-24,1214.4300000000001,8501.0100000000002
897,China,Beauty,273,1,2025-08-04,273,273
898,Australia,Fashion,81.3,1,2025-01-15,81.299999999999997,81.299999999999997
899,Canada,Beauty,279.09,7,2025-08-05,1953.6300000000001,13675.41
900,Germany,Toys,273.14,9,2025-02-04,2458.2600000000002,22124.34
901,India,Toys,382.14,7,2025-07-02,2674.98,18724.860000000001
902,USA,Books,417.66,5,2025-09-27,2088.3000000000002,10441.5
903,UAE,Fashion,223.02,8,2025-04-10,1784.1600000000001,14273.280000000001
904,UK,Home Decor,154.65,2,2025-01-07,309.30000000000001,618.60000000000002
905,UAE,Fashion,133.37,9,2025-01-30,1200.3299999999999,10802.969999999999
906,Australia,Grocery,101.34,6,2025-11-01,608.03999999999996,3648.2399999999998
907,China,Toys,33.54,9,2025-05-24,301.86000000000001,2716.7399999999998
908,UK,Electronics,174.51,2,2025-04-21,349.01999999999998,698.03999999999996
909,India,Electronics,138.77,3,2025-08-20,416.31,1248.9300000000001
910,India,Home Decor,483.38,8,2025-06-28,3867.04,30936.32
911,USA,Grocery,281.07,1,2025-03-13,281.06999999999999,281.06999999999999
912,Australia,Books,176.9,7,2025-07-29,1238.3,8668.1000000000004
913,Canada,Beauty,292.33,7,2025-08-08,2046.3099999999999,14324.17
914,Australia,Grocery,73.9,1,2025-03-21,73.900000000000006,73.900000000000006
915,China,Electronics,224.8,9,2025-03-24,2023.2,18208.799999999999
916,UAE,Electronics,314.99,8,2025-02-11,2519.9200000000001,20159.360000000001
917,India,Books,247,4,2025-09-30,988,3952
918,UAE,Toys,203.88,5,2025-07-10,1019.4,5097
919,UAE,Grocery,496.95,2,2025-06-22,993.89999999999998,1987.8
920,UAE,Grocery,440.76,9,2025-01-07,3966.8400000000001,35701.559999999998
921,India,Electronics,313.59,6,2025-06-04,1881.54,11289.24
922,Brazil,Beauty,286.84,3,2025-01-10,860.51999999999998,2581.5599999999999
923,Pakistan,Home Decor,312.23,7,2025-02-03,2185.6100000000001,15299.27
924,China,Sports,104.65,9,2025-02-05,941.85000000000002,8476.6499999999996
925,Brazil,Home Decor,200.59,3,2025-01-06,601.76999999999998,1805.3099999999999
926,China,Grocery,24.53,2,2025-08-03,49.060000000000002,98.120000000000005
927,UK,Home Decor,240.4,7,2025-05-14,1682.8,11779.6
928,Australia,Electronics,273.8,7,2025-10-12,1916.5999999999999,13416.200000000001
929,Australia,Electronics,117.74,4,2025-05-06,470.95999999999998,1883.8399999999999
930,Germany,Books,482.19,9,2025-06-23,4339.71,39057.389999999999
931,Australia,Grocery,455.18,8,2025-06-01,3641.4400000000001,29131.52
932,India,Books,362.46,1,2025-01-26,362.45999999999998,362.45999999999998
933,Canada,Grocery,269.03,1,2025-04-25,269.02999999999997,269.02999999999997
934,USA,Sports,435.63,5,2025-10-11,2178.1500000000001,10890.75
935,Germany,Sports,69.67,6,2025-03-16,418.01999999999998,2508.1199999999999
936,USA,Toys,396.3,3,2025-06-15,1188.9000000000001,3566.6999999999998
937,China,Grocery,66.79,9,2025-07-08,601.11000000000001,5409.9899999999998
938,USA,Beauty,398.13,6,2025-03-19,2388.7800000000002,14332.68
939,USA,Home Decor,141.5,4,2025-03-31,566,2264
940,Germany,Grocery,439.16,7,2025-06-25,3074.1199999999999,21518.84
941,UK,Fashion,472.3,8,2025-01-21,3778.4000000000001,30227.200000000001
942,UAE,Toys,78.65,9,2025-02-23,707.85000000000002,6370.6499999999996
943,Australia,Fashion,234.02,6,2025-07-03,1404.1199999999999,8424.7199999999993
944,Australia,Electronics,490.59,6,2025-08-10,2943.54,17661.240000000002
945,India,Sports,244.29,8,2025-06-28,1954.3199999999999,15634.559999999999
946,Germany,Home Decor,432.46,5,2025-10-03,2162.3000000000002,10811.5
947,India,Grocery,296.42,3,2025-04-22,889.25999999999999,2667.7800000000002
948,Canada,Fashion,190.79,3,2025-08-12,572.37,1717.1099999999999
949,Canada,Home Decor,146.46,6,2025-08-02,878.75999999999999,5272.5600000000004
950,India,Electronics,105.6,2,2025-02-28,211.19999999999999,422.39999999999998
951,Germany,Sports,382.09,6,2025-04-19,2292.54,13755.24
952,India,Beauty,196.34,6,2025-06-06,1178.04,7068.2399999999998
953,Australia,Toys,258.08,8,2025-07-10,2064.6399999999999,16517.119999999999
954,Brazil,Home Decor,248.7,7,2025-07-19,1740.9000000000001,12186.299999999999
955,Pakistan,Home Decor,290.75,8,2025-07-15,2326,18608
956,USA,Beauty,433.46,9,2025-02-04,3901.1399999999999,35110.260000000002
957,Pakistan,Home Decor,490.47,6,2025-09-03,2942.8200000000002,17656.919999999998
958,Germany,Electronics,206.75,3,2025-08-25,620.25,1860.75
959,Pakistan,Electronics,414.62,3,2025-04-14,1243.8599999999999,3731.5799999999999
960,Canada,Beauty,383.44,1,2025-01-07,383.44,383.44
961,China,Toys,288.9,5,2025-10-10,1444.5,7222.5
962,USA,Grocery,478.24,4,2025-01-01,1912.96,7651.8400000000001
963,UAE,Fashion,104.23,9,2025-08-07,938.07000000000005,8442.6299999999992
964,Germany,Grocery,59.09,9,2025-08-18,531.80999999999995,4786.29
965,USA,Home Decor,427.71,5,2025-06-21,2138.5500000000002,10692.75
966,Pakistan,Fashion,222.38,4,2025-03-28,889.51999999999998,3558.0799999999999
967,Canada,Books,424.25,7,2025-02-10,2969.75,20788.25
968,UK,Beauty,447.08,6,2025-05-03,2682.48,16094.879999999999
969,Brazil,Beauty,35.92,4,2025-10-25,143.68000000000001,574.72000000000003
970,UAE,Toys,442.32,2,2025-06-27,884.63999999999999,1769.28
971,Brazil,Fashion,226.92,1,2025-03-04,226.91999999999999,226.91999999999999
972,USA,Electronics,257.66,4,2025-06-14,1030.6400000000001,4122.5600000000004
973,Canada,Fashion,315.16,4,2025-07-06,1260.6400000000001,5042.5600000000004
974,Canada,Home Decor,463.56,1,2025-07-28,463.56,463.56
975,Pakistan,Electronics,14.46,6,2025-08-15,86.760000000000005,520.55999999999995
976,Australia,Sports,241.04,4,2025-02-17,964.15999999999997,3856.6399999999999
977,Pakistan,Sports,345.42,1,2025-08-12,345.42000000000002,345.42000000000002
978,Australia,Books,362.74,1,2025-01-03,362.74000000000001,362.74000000000001
979,Australia,Sports,347.8,1,2025-06-24,347.80000000000001,347.80000000000001
980,UAE,Beauty,71.55,8,2025-04-09,572.39999999999998,4579.1999999999998
981,Pakistan,Fashion,153.2,8,2025-04-26,1225.5999999999999,9804.7999999999993
982,UK,Sports,182.56,2,2025-09-27,365.12,730.24000000000001
983,India,Grocery,403.2,7,2025-09-10,2822.4000000000001,19756.799999999999
984,India,Toys,142.99,8,2025-04-05,1143.9200000000001,9151.3600000000006
985,Pakistan,Grocery,109.3,8,2025-09-30,874.39999999999998,6995.1999999999998
986,Pakistan,Sports,478.94,7,2025-01-24,3352.5799999999999,23468.060000000001
987,Brazil,Books,9.39,5,2025-04-26,46.950000000000003,234.75
988,UAE,Toys,498.92,1,2025-05-31,498.92000000000002,498.92000000000002
989,Pakistan,Home Decor,340.03,9,2025-02-19,3060.27,27542.43
990,Brazil,Grocery,415.09,7,2025-07-25,2905.6300000000001,20339.41
991,Australia,Books,150.84,2,2025-03-20,301.68000000000001,603.36000000000001
992,Canada,Fashion,12.09,6,2025-03-11,72.540000000000006,435.24000000000001
993,Canada,Fashion,370.25,2,2025-01-27,740.5,1481
994,Australia,Grocery,417.9,1,2025-09-28,417.89999999999998,417.89999999999998
995,Germany,Sports,371.54,7,2025-02-19,2600.7800000000002,18205.459999999999
996,Brazil,Books,75.71,2,2025-10-19,151.41999999999999,302.83999999999997
997,Brazil,Fashion,377.95,2,2025-09-04,755.89999999999998,1511.8
998,Australia,Home Decor,385.62,5,2025-09-21,1928.0999999999999,9640.5
999,UK,Electronics,330.98,5,2025-03-20,1654.9000000000001,8274.5
1000,China,Sports,384.23,7,2025-07-09,2689.6100000000001,18827.27
1001,USA,Books,423.73,1,2025-02-16,423.73000000000002,423.73000000000002
1002,Australia,Home Decor,308.73,8,2025-07-08,2469.8400000000001,19758.720000000001
1003,Pakistan,Books,48.86,3,2025-09-13,146.58000000000001,439.74000000000001
1004,Pakistan,Toys,246.38,4,2025-08-10,985.51999999999998,3942.0799999999999
1005,UAE,Home Decor,43.44,9,2025-08-29,390.95999999999998,3518.6399999999999
1006,Australia,Sports,206.73,4,2025-09-26,826.91999999999996,3307.6799999999998
1007,UAE,Toys,206.52,5,2025-01-01,1032.5999999999999,5163
1008,Australia,Sports,37.67,7,2025-02-03,263.69,1845.8299999999999
1009,Brazil,Fashion,177.67,4,2025-03-20,710.67999999999995,2842.7199999999998
1010,USA,Electronics,59.94,1,2025-08-24,59.939999999999998,59.939999999999998
1011,Brazil,Sports,405.08,9,2025-04-08,3645.7199999999998,32811.480000000003
1012,China,Sports,474.11,4,2025-03-23,1896.4400000000001,7585.7600000000002
1013,Canada,Fashion,40.8,9,2025-07-11,367.19999999999999,3304.8000000000002
1014,India,Beauty,477.78,6,2025-09-10,2866.6799999999998,17200.080000000002
1015,Australia,Fashion,263.68,1,2025-02-07,263.68000000000001,263.68000000000001
1016,China,Toys,153.29,3,2025-01-14,459.87,1379.6099999999999
1017,Canada,Fashion,43.05,2,2025-07-28,86.099999999999994,172.19999999999999
1018,Germany,Fashion,252.81,9,2025-03-30,2275.29,20477.610000000001
1019,USA,Electronics,398.29,1,2025-02-25,398.29000000000002,398.29000000000002
1020,UAE,Fashion,355.01,9,2025-04-04,3195.0900000000001,28755.810000000001
1021,UAE,Books,29.86,9,2025-04-03,268.74000000000001,2418.6599999999999
1022,Brazil,Sports,41.09,8,2025-03-26,328.72000000000003,2629.7600000000002
1023,Pakistan,Books,204.42,8,2025-09-02,1635.3599999999999,13082.879999999999
1024,Canada,Electronics,151.17,1,2025-01-22,151.16999999999999,151.16999999999999
1025,Germany,Grocery,120.03,8,2025-10-18,960.24000000000001,7681.9200000000001
1026,China,Beauty,144.1,3,2025-09-29,432.30000000000001,1296.9000000000001
1027,USA,Books,402.72,7,2025-05-02,2819.04,19733.279999999999
1028,Canada,Electronics,464.97,1,2025-05-08,464.97000000000003,464.97000000000003
1029,Germany,Toys,205.53,1,2025-04-23,205.53,205.53
1030,India,Grocery,453.52,5,2025-09-30,2267.5999999999999,11338
1031,Australia,Electronics,164.14,5,2025-05-10,820.70000000000005,4103.5
1032,UAE,Electronics,240.84,8,2025-05-12,1926.72,15413.76
1033,China,Beauty,116.88,7,2025-03-26,818.15999999999997,5727.1199999999999
1034,UAE,Sports,322.04,8,2025-03-22,2576.3200000000002,20610.560000000001
1035,China,Books,489.6,6,2025-03-10,2937.5999999999999,17625.599999999999
1036,Brazil,Toys,303.73,6,2025-05-28,1822.3800000000001,10934.280000000001
1037,Pakistan,Home Decor,182.12,2,2025-01-16,364.24000000000001,728.48000000000002
1038,China,Books,325.67,6,2025-04-15,1954.02,11724.120000000001
1039,UAE,Home Decor,65.85,5,2025-06-14,329.25,1646.25
1040,Brazil,Electronics,444.89,3,2025-07-20,1334.6700000000001,4004.0100000000002
1041,China,Fashion,254.03,6,2025-07-16,1524.1800000000001,9145.0799999999999
1042,India,Toys,227.43,8,2025-07-04,1819.4400000000001,14555.52
1043,Pakistan,Grocery,295,9,2025-09-22,2655,23895
1044,China,Fashion,314.27,1,2025-04-10,314.26999999999998,314.26999999999998
1045,Brazil,Fashion,40.53,3,2025-08-02,121.59,364.76999999999998
1046,Canada,Books,342.9,3,2025-10-05,1028.7,3086.0999999999999
1047,UK,Toys,124.76,8,2025-06-11,998.08000000000004,7984.6400000000003
1048,Germany,Sports,358.41,1,2025-06-06,358.41000000000003,358.41000000000003
1049,UK,Electronics,412.15,5,2025-09-08,2060.75,10303.75
1050,UK,Electronics,402.96,3,2025-04-07,1208.8800000000001,3626.6399999999999
1051,USA,Electronics,278.49,2,2025-01-18,556.98000000000002,1113.96
1052,India,Electronics,262.48,8,2025-04-07,2099.8400000000001,16798.720000000001
1053,Canada,Books,75.72,3,2025-01-01,227.16,681.48000000000002
1054,Australia,Home Decor,388.8,7,2025-08-04,2721.5999999999999,19051.200000000001
1055,China,Electronics,139.35,1,2025-05-12,139.34999999999999,139.34999999999999
1056,Germany,Home Decor,250.86,6,2025-09-17,1505.1600000000001,9030.9599999999991
1057,Pakistan,Home Decor,145.72,3,2025-05-05,437.16000000000003,1311.48
1058,Canada,Sports,71.25,8,2025-03-23,570,4560
1059,UAE,Electronics,316.63,6,2025-10-10,1899.78,11398.68
1060,Australia,Beauty,31.89,2,2025-06-20,63.780000000000001,127.56
1061,USA,Grocery,375.58,6,2025-02-28,2253.48,13520.879999999999
1062,USA,Fashion,162.21,7,2025-02-01,1135.47,7948.29
1063,Canada,Home Decor,5.07,5,2025-06-10,25.350000000000001,126.75
1064,Brazil,Toys,258.01,3,2025-10-11,774.02999999999997,2322.0900000000001
1065,UK,Toys,28.19,4,2025-04-16,112.76000000000001,451.04000000000002
1066,UAE,Grocery,141.7,4,2025-04-15,566.79999999999995,2267.1999999999998
1067,USA,Toys,354.95,6,2025-08-16,2129.6999999999998,12778.200000000001
1068,Germany,Beauty,36.03,1,2025-07-07,36.030000000000001,36.030000000000001
1069,USA,Toys,420.47,4,2025-03-11,1681.8800000000001,6727.5200000000004
1070,Pakistan,Fashion,6.89,4,2025-10-17,27.559999999999999,110.23999999999999
1071,China,Fashion,127.18,1,2025-03-28,127.18000000000001,127.18000000000001
1072,USA,Home Decor,371.75,9,2025-02-25,3345.75,30111.75
1073,Pakistan,Electronics,161.55,4,2025-04-23,646.20000000000005,2584.8000000000002
1074,Canada,Sports,55.44,7,2025-01-13,388.07999999999998,2716.5599999999999
1075,Canada,Beauty,183.32,3,2025-01-18,549.96000000000004,1649.8800000000001
1076,Australia,Home Decor,138.84,3,2025-07-01,416.51999999999998,1249.5599999999999
1077,USA,Beauty,422.14,8,2025-04-23,3377.1199999999999,27016.959999999999
1078,Germany,Electronics,160.11,8,2025-08-17,1280.8800000000001,10247.040000000001
1079,USA,Books,395.52,1,2025-06-20,395.51999999999998,395.51999999999998
1080,Germany,Toys,446.48,2,2025-10-22,892.96000000000004,1785.9200000000001
1081,India,Toys,219.74,8,2025-07-08,1757.9200000000001,14063.360000000001
1082,Australia,Sports,455.42,1,2025-03-20,455.42000000000002,455.42000000000002
1083,India,Electronics,191.77,8,2025-05-26,1534.1600000000001,12273.280000000001
1084,USA,Home Decor,482.22,8,2025-07-01,3857.7600000000002,30862.080000000002
1085,Australia,Sports,49.2,2,2025-10-13,98.400000000000006,196.80000000000001
1086,India,Electronics,345.07,4,2025-09-07,1380.28,5521.1199999999999
1087,UK,Grocery,249.44,6,2025-07-15,1496.6400000000001,8979.8400000000001
1088,USA,Fashion,196.89,9,2025-03-12,1772.01,15948.09
1089,India,Sports,318.19,8,2025-09-05,2545.52,20364.16
1090,UK,Sports,353.41,8,2025-05-26,2827.2800000000002,22618.240000000002
1091,UK,Home Decor,7.16,7,2025-04-16,50.119999999999997,350.83999999999997
1092,Canada,Beauty,87.64,9,2025-09-20,788.75999999999999,7098.8400000000001
1093,USA,Grocery,357.96,2,2025-10-23,715.91999999999996,1431.8399999999999
1094,UK,Home Decor,334.86,3,2025-03-11,1004.58,3013.7399999999998
1095,Canada,Electronics,483.19,8,2025-07-12,3865.52,30924.16
1096,India,Electronics,381.71,6,2025-03-09,2290.2600000000002,13741.559999999999
1097,Pakistan,Electronics,475.63,9,2025-11-01,4280.6700000000001,38526.029999999999
1098,USA,Books,352.76,4,2025-02-21,1411.04,5644.1599999999999
1099,Australia,Electronics,152.54,8,2025-10-12,1220.3199999999999,9762.5599999999995
1100,Germany,Beauty,57.16,3,2025-01-09,171.47999999999999,514.44000000000005
1101,Germany,Grocery,392,3,2025-09-08,1176,3528
1102,India,Toys,323.85,8,2025-10-25,2590.8000000000002,20726.400000000001
1103,Brazil,Fashion,28.85,5,2025-07-03,144.25,721.25
1104,Brazil,Beauty,183.22,3,2025-06-28,549.65999999999997,1648.98
1105,India,Beauty,478.62,1,2025-07-17,478.62,478.62
1106,UK,Books,252.7,3,2025-05-08,758.10000000000002,2274.3000000000002
1107,USA,Toys,219.2,9,2025-01-20,1972.8,17755.200000000001
1108,Germany,Toys,231.56,5,2025-03-06,1157.8,5789
1109,Germany,Fashion,108.4,2,2025-07-01,216.80000000000001,433.60000000000002
1110,UK,Fashion,187.51,7,2025-08-29,1312.5699999999999,9187.9899999999998
1111,Germany,Toys,188.06,2,2025-01-24,376.12,752.24000000000001
1112,Australia,Electronics,30.92,4,2025-03-24,123.68000000000001,494.72000000000003
1113,USA,Beauty,384.95,7,2025-07-04,2694.6500000000001,18862.549999999999
1114,China,Home Decor,211.17,4,2025-04-09,844.67999999999995,3378.7199999999998
1115,Germany,Fashion,411.98,7,2025-03-03,2883.8600000000001,20187.02
1116,India,Books,425.92,7,2025-10-13,2981.4400000000001,20870.080000000002
1117,Australia,Books,109.94,1,2025-01-22,109.94,109.94
1118,Germany,Fashion,330.39,6,2025-07-31,1982.3399999999999,11894.040000000001
1119,Australia,Toys,238.78,9,2025-05-06,2149.02,19341.18
1120,Canada,Grocery,440.68,2,2025-02-11,881.36000000000001,1762.72
1121,China,Home Decor,111.79,3,2025-04-08,335.37,1006.11
1122,UAE,Home Decor,340.52,5,2025-01-31,1702.5999999999999,8513
1123,India,Fashion,305.84,9,2025-06-07,2752.5599999999999,24773.040000000001
1124,India,Electronics,151.17,4,2025-04-22,604.67999999999995,2418.7199999999998
1125,USA,Grocery,72.62,1,2025-09-04,72.620000000000005,72.620000000000005
1126,Australia,Home Decor,327.56,4,2025-05-02,1310.24,5240.96
1127,UK,Fashion,370.61,6,2025-09-30,2223.6599999999999,13341.959999999999
1128,India,Books,161.24,5,2025-10-21,806.20000000000005,4031
1129,Australia,Home Decor,324.19,1,2025-07-26,324.19,324.19
1130,Australia,Sports,200.59,4,2025-04-20,802.36000000000001,3209.4400000000001
1131,Pakistan,Grocery,358.04,6,2025-10-05,2148.2399999999998,12889.440000000001
1132,Pakistan,Grocery,103.61,4,2025-02-25,414.44,1657.76
1133,UAE,Sports,445.66,9,2025-02-26,4010.9400000000001,36098.459999999999
1134,Canada,Beauty,147.27,5,2025-10-18,736.35000000000002,3681.75
1135,UAE,Books,187.05,8,2025-04-24,1496.4000000000001,11971.200000000001
1136,Germany,Sports,33.76,9,2025-07-17,303.83999999999997,2734.5599999999999
1137,UK,Toys,60.2,5,2025-06-28,301,1505
1138,Germany,Toys,260.35,6,2025-08-07,1562.0999999999999,9372.6000000000004
1139,Brazil,Fashion,137.46,1,2025-10-04,137.46000000000001,137.46000000000001
1140,Germany,Grocery,418.56,7,2025-01-16,2929.9200000000001,20509.439999999999
1141,USA,Beauty,12.27,4,2025-03-02,49.079999999999998,196.31999999999999
1142,Germany,Beauty,192.65,2,2025-02-23,385.30000000000001,770.60000000000002
1143,UAE,Home Decor,171.99,5,2025-06-17,859.95000000000005,4299.75
1144,India,Home Decor,14.57,3,2025-01-26,43.710000000000001,131.13
1145,India,Sports,66.56,6,2025-03-06,399.36000000000001,2396.1599999999999
1146,Pakistan,Beauty,209.75,8,2025-04-10,1678,13424
1147,UK,Sports,248.97,7,2025-03-15,1742.79,12199.530000000001
1148,UK,Books,205.12,3,2025-07-11,615.36000000000001,1846.0799999999999
1149,USA,Sports,267.81,8,2025-06-20,2142.48,17139.84
1150,UAE,Home Decor,299.59,2,2025-09-30,599.17999999999995,1198.3599999999999
1151,Pakistan,Grocery,9.91,9,2025-07-06,89.189999999999998,802.71000000000004
1152,Brazil,Sports,234.73,4,2025-01-23,938.91999999999996,3755.6799999999998
1153,UK,Electronics,481.93,1,2025-06-30,481.93000000000001,481.93000000000001
1154,India,Grocery,261.92,8,2025-04-18,2095.3600000000001,16762.880000000001
1155,Germany,Beauty,340.38,7,2025-06-11,2382.6599999999999,16678.619999999999
1156,Germany,Beauty,159.37,5,2025-10-29,796.85000000000002,3984.25
1157,Pakistan,Sports,388.13,5,2025-07-25,1940.6500000000001,9703.25
1158,UAE,Grocery,387.6,7,2025-03-19,2713.1999999999998,18992.400000000001
1159,UAE,Home Decor,263.04,5,2025-01-16,1315.2,6576
1160,Canada,Home Decor,488.13,8,2025-04-06,3905.04,31240.32
1161,China,Toys,67.15,6,2025-05-27,402.89999999999998,2417.4000000000001
1162,UK,Beauty,13.39,5,2025-01-02,66.950000000000003,334.75
1163,UAE,Fashion,386.23,9,2025-01-10,3476.0700000000002,31284.630000000001
1164,India,Toys,404.54,2,2025-05-05,809.08000000000004,1618.1600000000001
1165,Pakistan,Home Decor,64.5,1,2025-03-22,64.5,64.5
1166,Brazil,Grocery,136.46,8,2025-05-20,1091.6800000000001,8733.4400000000005
1167,Canada,Books,13.69,3,2025-05-30,41.07,123.20999999999999
1168,Australia,Home Decor,150.19,7,2025-10-15,1051.3299999999999,7359.3100000000004
1169,USA,Grocery,387.71,8,2025-05-09,3101.6799999999998,24813.439999999999
1170,Brazil,Toys,261.39,6,2025-08-27,1568.3399999999999,9410.0400000000009
1171,Australia,Beauty,177.31,9,2025-02-27,1595.79,14362.110000000001
1172,Germany,Home Decor,189.01,7,2025-07-17,1323.0699999999999,9261.4899999999998
1173,USA,Sports,5.67,5,2025-07-30,28.350000000000001,141.75
1174,UK,Grocery,153.4,8,2025-02-14,1227.2,9817.6000000000004
1175,India,Beauty,325,2,2025-04-07,650,1300
1176,USA,Books,487.23,7,2025-10-06,3410.6100000000001,23874.27
1177,China,Books,424.3,4,2025-01-23,1697.2,6788.8000000000002
1178,Australia,Fashion,16.68,9,2025-02-13,150.12,1351.0799999999999
1179,UK,Grocery,449.79,1,2025-01-27,449.79000000000002,449.79000000000002
1180,China,Toys,392.68,7,2025-10-09,2748.7600000000002,19241.32
1181,Germany,Fashion,391.29,6,2025-04-07,2347.7399999999998,14086.440000000001
1182,China,Fashion,231.71,8,2025-02-05,1853.6800000000001,14829.440000000001
1183,Canada,Electronics,202.01,5,2025-04-19,1010.05,5050.25
1184,Canada,Home Decor,154.94,1,2025-02-24,154.94,154.94
1185,Pakistan,Grocery,37.52,1,2025-07-11,37.520000000000003,37.520000000000003
1186,Brazil,Fashion,117.98,9,2025-08-07,1061.8199999999999,9556.3799999999992
1187,Brazil,Electronics,127.07,6,2025-07-04,762.41999999999996,4574.5200000000004
1188,UK,Toys,244.62,5,2025-03-10,1223.0999999999999,6115.5
1189,Germany,Beauty,374.98,1,2025-05-10,374.98000000000002,374.98000000000002
1190,UAE,Sports,239.54,6,2025-02-24,1437.24,8623.4400000000005
1191,Canada,Sports,33.63,6,2025-04-07,201.78,1210.6800000000001
1192,UK,Grocery,479.11,3,2025-03-28,1437.3299999999999,4311.9899999999998
1193,UAE,Fashion,471.65,8,2025-10-21,3773.1999999999998,30185.599999999999
1194,Brazil,Sports,393.67,1,2025-04-29,393.67000000000002,393.67000000000002
1195,Pakistan,Home Decor,495.71,1,2025-07-27,495.70999999999998,495.70999999999998
1196,China,Sports,274.52,6,2025-06-03,1647.1199999999999,9882.7199999999993
1197,Canada,Sports,481.57,1,2025-02-04,481.56999999999999,481.56999999999999
1198,UK,Sports,42.42,6,2025-03-20,254.52000000000001,1527.1199999999999
1199,USA,Books,186.01,1,2025-03-08,186.00999999999999,186.00999999999999
1200,UAE,Electronics,116.56,6,2025-02-03,699.36000000000001,4196.1599999999999
